CO_UNIDADE;CO_CNES;NU_CNPJ_MANTENEDORA;TP_PFPJ;NIVEL_DEP;NO_RAZAO_SOCIAL;NO_FANTASIA;NO_LOGRADOURO;NU_ENDERECO;NO_COMPLEMENTO;NO_BAIRRO;CO_CEP;CO_ATIVIDADE;CO_CLIENTELA;TP_UNIDADE;CO_MUNICIPIO_GESTOR;NU_LATITUDE;NU_LONGITUDE;CO_NATUREZA_JUR;CO_TIPO_UNIDADE;CO_TIPO_ESTABELECIMENTO;CO_ATIVIDADE_PRINCIPAL;STAFF_ACS_ENDEMIAS;STAFF_ADMIN_GESTAO_APOIO;STAFF_DIAG_LAB_IMAGEM;STAFF_ENFERMAGEM;STAFF_FARMACIA;STAFF_MEDICOS;STAFF_ODONTOLOGIA;STAFF_OUTROS;STAFF_OUTROS_SUPERIOR_SAUDE;STAFF_SERVICOS_GERAIS;STAFF_TRANSPORTE_URGENCIA
4,32E+12;637335;;3;1;COMERCIO DE MEDICAMENTOS BRAIR LTDA;SAO JOAO FARMACIAS;AVENIDA PRESIDENTE VARGAS;706;;JUNCAO;96202188;4;3.0;43;431560;-32,05;-52,12;2062;;Farmácia;8.0;0;0;0;0;3;0;0;0;0;0;0
4,32E+12;637157;;3;1;COMERCIO DE MEDICAMENTOS BRAIR LTDA;SAO JOAO FARMACIAS;RUA 24 DE MAIO;250;;CENTRO;96200003;4;3.0;43;431560;-32,04;-52,1;2062;;Farmácia;8.0;0;0;0;0;1;0;0;0;0;0;0
4,32E+12;656860;;3;1;FERNANDA CAMPOS GARCIA;CLINICA VITALITA;RUA BENJAMIN CONSTANT;210;;CENTRO;96200090;4;3.0;36;431560;-32,04;-52,09;2062;;Ambulatório;1.0;0;0;0;0;0;1;0;0;0;0;0
4,32E+12;9122648;;3;1;GUILHERME WENDLANT;ORTHO ESPECIALIDADES ODONTOLOGICAS;GENERAL NETO;285;;CENTRO;96200010;4;3.0;22;431560;-32,03;-52,1;2062;;Ambulatório;1.0;0;4;0;0;0;0;1;0;0;0;0
4,32E+12;637300;;3;1;COMERCIO DE MEDICAMENTOS BRAIR LTDA;SAO JOAO FARMACIAS;AVENIDA PRESIDENTE VARGAS;400;;SAO PAULO;96202336;4;3.0;43;431560;-32,05;-52,12;2062;;Farmácia;8.0;0;0;0;0;2;0;0;0;0;0;0
4,32E+12;792489;;3;1;GOETTEMS E VARGAS LABORATORIO DE ANALISES CLINICAS;ANALISA LABORATORIO;AVENIDA ATLANTICA;269;;CASSINO;96207424;4;3.0;80;431560;-32,2;-52,18;2062;;Unidade de Apoio Diagnóstico;2.0;0;0;0;0;1;0;0;0;0;0;0
4,32E+12;7606869;8,86E+13;3;3;PREFEITURA MUNICIPAL DO RIO GRANDE;MOTOLANCIA RIO GRANDE;SATURNINO DE BRITO;S/N;;JUNCAO;96212630;4;1.0;42;431560;-32,04;-52,1;1244;;Pronto Atendimento;7.0;0;0;0;0;0;0;0;0;0;0;0
4,32E+12;7615094;8,86E+13;3;3;PREFEITURA MUNICIPAL DO RIO GRANDE;SAMU 192 RIO GRANDE SUPORTE BASICO;SATURNINO DE BRITO;S/N;;JUNCAO;96200015;4;1.0;42;431560;-32,05;-52,15;1244;;Pronto Atendimento;7.0;0;0;0;11;0;0;0;0;0;0;6
4,32E+12;9356363;;3;1;EDISON ALFREDO DE ARAUJO MARCHAND ME;CENTRO DE ATIVIDADE FISICA PERSONALIZADA CAFP;GENERAL CAMARA;187;;CENTRO;96200320;4;1.0;36;431560;-32,04;-52,1;2135;;Ambulatório;1.0;0;0;0;0;0;0;0;1;0;0;0
4,32E+12;9926046;;3;1;ASSOCIACAO DE CARIDADE SANTA CASA DO RIO GRANDE;Hospital DE CARDIOLOGIA E ONCOLOGIA;AV PRESIDENTE VARGAS;334;;VILA SAO PAULO;96202336;3;1.0;7;431560;-32,04;-52,1;3999;;Ambulatório;1.0;0;0;0;0;0;0;0;0;0;0;0
4,32E+12;2818442;8,86E+13;3;3;PREFEITURA MUNICIPAL DO RIO GRANDE;POSTO DE PUERICULTURA DRA RITA LOBATO;RUA APELLES PORTO ALEGRE;21;;CENTRO;96201220;4;1.0;2;431560;-32,04;-52,1;1244;;Unidade Básica de Saúde;12.0;4;0;0;18;1;24;0;2;1;0;0
4,32E+12;2818485;8,86E+13;3;3;PREFEITURA MUNICIPAL DO RIO GRANDE SMS;POSTO DE SAUDE CENTRO SOCIAL URBANO HIDRAULICA;RUA ALTAMIR DE LACERDA;1;;HIDRAULICA;96201220;4;1.0;1;431560;-32,04;-52,1;1244;;Unidade Básica de Saúde;12.0;0;1;0;2;0;3;0;3;1;0;0
4,32E+12;2818523;8,86E+13;3;3;PREFEITURA MUNICIPAL DO RIO GRANDE;UBSF QUINTA RIO GRANDE;RUA JOAO MOREIRA;188;;QUINTA;96222700;4;1.0;2;431560;-32,07;-52,26;1244;;Unidade Básica de Saúde;12.0;11;0;0;32;0;40;1;4;0;0;5
4,32E+12;2818558;8,86E+13;3;3;PREFEITURA MUNICIPAL DO RIO GRANDE;UBSF TAIM;CAPILHA BR 471;S/N;;TAIM;96201220;4;1.0;1;431560;-32,04;-52,1;1244;;Unidade Básica de Saúde;12.0;3;0;0;3;0;1;0;1;0;0;0
4,32E+12;2818590;8,86E+13;3;3;PREFEITURA MUNICIPAL DO RIO GRANDE;POSTO DE SAUDE DR SERGIO BRODT;RUA PARANA;295;;MIGUEL DE CASTRO;96201220;4;1.0;1;431560;-32,04;-52,12;1244;;Unidade Básica de Saúde;12.0;2;0;0;7;0;3;0;0;0;0;0
4,32E+12;2818639;8,86E+13;3;3;PREFEITURA MUNICIPAL DO RIO GRANDE;UBSF SANTA ROSA RIO GRANDE;AV BELO BRUM;2554;;SANTA ROSA;96201220;4;1.0;1;431560;-32,08;-52,19;1244;;Unidade Básica de Saúde;12.0;6;0;0;3;0;7;1;3;4;0;0
4,32E+12;3919285;;3;1;DIMAX RADIARE CLINICA RADIOLOGICA LTDA;DIMAX RADIARE;MAJOR CARLOS PINTO;252;;CIDADE NOVA;96211020;4;3.0;36;431560;-32,04;-52,1;2062;;Ambulatório;1.0;0;0;1;0;0;0;1;0;0;0;0
4,32E+12;9738320;;3;1;DIMED S A DISTRIBUIDORA DE MEDICAMENTOS;PANVEL FARMACIAS;RUA DR NASCIMENTO;399;LOJA 01;CENTRO;96200300;4;1.0;22;431560;-32,04;-52,1;2046;;Farmácia;8.0;0;0;0;0;1;0;0;0;0;0;0
4,32E+12;2895234;;3;1;CLINICA DENTARIA PAZIN LTDA;CLINICA DENTARIA PAZIN LTDA;DR VAZ DIAS JUNIOR;446;;CASSINO;96205080;4;3.0;22;431560;-32,18;-52,16;2062;;Ambulatório;1.0;0;0;0;0;0;0;1;0;0;0;0
4,32E+12;9653228;;3;1;ESPACO ACOLHIDA CLINICA PSICOLOGICA LTDA;ESPACO ACOLHIDA CLINICA PSICOLOGICA;DR NAPOLEAO LAUREANO;339;;CENTRO;96200100;4;1.0;22;431560;-32,04;-52,1;2062;;Ambulatório;1.0;0;0;0;0;0;0;0;0;1;0;0
4,32E+12;9631798;;3;1;ALTENHOFEN E VIEIRA SERVICOS MEDICOS LTDA;ALTENHOFEN E VIEIRA;RUA DR NASCIMENTO;737;;CENTRO;96200300;4;3.0;22;431560;-32,04;-52,1;2062;;Ambulatório;1.0;0;0;0;0;0;1;0;0;0;0;0
4,32E+12;9233121;;3;1;CLINICA BROETTO LTDA EPP;CLINICA BROETTO LTDA EPP;DR NASCIMENTO;418;;CENTRO;96200300;4;1.0;22;431560;-32,04;-52,09;2240;;Ambulatório;1.0;0;2;0;0;0;1;0;0;0;0;0
4,32E+12;9427767;;1;1;SILVANA PEREIRA SOARES;CONSULTORIO DE PSICOLOGIA SILVANA SOARES;AV SILVA PAES;290;SALA 201;CENTRO;96200340;4;1.0;22;431560;-32,04;-52,1;4000;;Ambulatório;1.0;0;0;0;0;0;0;0;0;1;0;0
4,32E+12;773719;;3;1;REALCE PELE DERMATOLOGIA E ESTETICA AVANCADA LTDA;REALCE PELE;RUA GENERAL BACELAR;378;;CENTRO;96200370;4;3.0;22;431560;-32,03;-52,1;2062;;Ambulatório;1.0;0;0;0;0;0;1;0;0;0;0;0
4,32E+12;741361;;3;1;COMERCIO DE MEDICAMENTOS BRAIR LTDA;SAO JOAO FARMACIAS;R MAL FLORIANO PEIXOTO;295;;CENTRO;96200380;4;1.0;43;431560;-32,03;-52,1;2062;;Farmácia;8.0;0;0;0;0;2;0;0;0;0;0;0
4,32E+12;993220;;3;1;MITZY HELLEN SILVA DE ANDRADE CIA LTDA;CLINICA COMUNICACAO;GENERAL BACELAR;378;SALA 801;CENTRO;96200370;4;3.0;22;431560;-32,03;-52,1;2062;;Unidade de Apoio Diagnóstico;2.0;0;0;0;0;0;0;0;0;2;0;0
4,32E+12;9037810;;3;1;BRH SAUDE OCUPACIONAL LTDA;GRUPO BR MED RIO GRANDE;AQUIDABAN;746;C;CENTRO;96200480;4;3.0;36;431560;-32,03;-52,11;2062;;Ambulatório;1.0;0;3;0;4;0;1;0;0;2;1;0
4,32E+12;9247998;;3;1;CHROMA ODONTOLOGIA AVANCADA LTDA ME;CHROMA ODONTOLOGIA AVANCADA;AV MAJOR CARLOS PINTO;254;;CIDADE NOVA;96211020;4;2.0;22;431560;-32,04;-52,1;2062;;Ambulatório;1.0;0;0;0;0;0;0;1;0;0;0;0
4,32E+12;9580468;;3;1;MAICON DIEGO MONTEIRO CABRAL;BELLA SAUDE INTEGRATIVA;OSVALDO CRUZ;342;;CENTRO;96205110;4;1.0;22;431560;-32,03;-52,1;2062;;Ambulatório;1.0;0;0;0;0;0;2;0;3;6;0;0
4,32E+12;9167455;8,86E+13;3;3;PREFEITURA MUNICIPAL DO RIO GRANDE;UBSF SENANDES;RUA 01;26;VILA ALFA;SENANDES;96217082;4;1.0;2;431560;-32,13;-52,19;1244;;Unidade Básica de Saúde;12.0;5;0;0;3;0;1;0;0;0;0;0
4,32E+12;6703925;;3;1;GUEDES E PALMA MEDICINA OCUPACIONAL LTDA;CMO CENTRO DE MEDICINA OCUPACIONAL;GENERAL BACELAR;568;;CENTRO;96200370;4;1.0;22;431560;-32,04;-52,1;2062;;Ambulatório;1.0;0;2;0;2;0;3;0;1;1;0;0
4,32E+12;9101977;;1;1;ALINE DE OLIVEIRA GOMES;ALINE DE OLIVEIRA GOMES;RUA RIO DE JANEIRO;230;SALA 14;CASSINO;96205230;4;3.0;22;431560;-32,04;-52,1;4000;;Ambulatório;1.0;0;0;0;0;0;0;1;0;0;0;0
4,32E+12;9009329;;1;1;ANGELA ROSA TORNATORE;CLINICA MEDICA DRA ANGELA TORNATORE;RUA DOMINGOS DE ALMEIDA;311;;CIDADE NOVA;96211580;4;1.0;22;431560;-32,04;-52,1;4000;;Ambulatório;1.0;0;0;0;0;0;1;0;0;0;0;0
4,32E+12;2818884;8,86E+13;3;3;PREFEITURA MUNICIPAL DO RIO GRANDE;UNIDADE MOVEL TERRESTRE RIO GRANDE;RUA MARECHAL FLORIANO;5;;CENTRO;96200380;4;1.0;40;431560;-32,04;-52,1;1244;;Ambulatório;1.0;0;0;0;0;0;0;0;0;0;0;0
4,32E+12;6206867;;3;1;HOHMANN DUARTE CIA LTDA;FISIOCLIN;DUQUE DE CAXIAS;351;;CENTRO;96200020;4;3.0;36;431560;-32,04;-52,1;2062;;Ambulatório;1.0;0;0;0;0;0;0;0;0;0;0;0
4,32E+12;9010424;;3;1;CLINICA SALUS SAUDE COMPORTAMENTO LTDA ME;SALUS;LUIZ LOREA;504;BLOCO A;CENTRO;96200350;4;3.0;22;431560;-32,04;-52,1;2062;;Ambulatório;1.0;0;0;0;0;0;0;0;0;1;0;0
4,32E+12;9913866;;3;1;TECON RIO GRANDE S A;AMBULATORIO TECON;AV ALMIRANTE MAXIMIANO DA FONSECA;201;;ZONA PORTUARIA;96204040;3;2.0;22;431560;-32,04;-52,1;2054;;Ambulatório;1.0;0;1;0;5;0;2;0;0;0;0;0
4,32E+12;9827951;;3;1;FISIOTERAPIA SAUDE PLENA LTDA;CONSULTORIO DE FISIOTERAPIA E PILATES SAUDE PLENA;VISCONDE MAUA;112;CASA A;CIDADE NOVA;96211030;4;3.0;22;431560;-32,04;-52,1;2062;;Ambulatório;1.0;0;0;0;0;0;0;0;0;2;0;0
4,32E+12;9879803;;1;1;CARLOS EDUARDO DOS SANTOS MOREIRAS;CARLOS EDUARDO DOS SANTOS MOREIRAS;CONDE DE PORTO ALEGRE;397;SALA 03;CENTRO;96200330;4;1.0;22;431560;-32,04;-52,1;4000;;Ambulatório;1.0;0;0;0;0;0;0;0;0;1;0;0
4,32E+12;4080211;;1;1;MAYARA FONTOURA RITER;MAYARA FONTOURA RITER;DR NASCIMENTO;455;;CENTRO;96200300;4;3.0;22;431560;-32,04;-52,1;4000;;Ambulatório;1.0;0;0;0;0;0;0;0;0;1;0;0
4,32E+12;684252;;3;1;CENTRO ESPECIALIZADO EM ACIDENTES DO TRABALHO LTDA;CEAT RIO GRANDE;RUA REVOCATA DE MELLO;15;;RESIDENCIAL SALGADO;96201510;4;3.0;36;431560;-32,04;-52,09;2062;;Unidade de Reabilitação;4.0;0;5;1;0;0;3;0;0;2;1;0
4,32E+12;7237979;;3;1;LUIZ ANTONIO AMARAL E CIA LTDA;CLINICA AMARAL;BENJAMIN CONSTANT;255;;CENTRO;96200090;4;3.0;36;431560;-32,04;-52,09;2062;;Ambulatório;1.0;0;0;0;0;0;3;0;0;0;0;0
4,32E+12;7238401;;1;1;EDUARDO PAULITSCH;DR EDUARDO PAULITSCH;GENERAL CAMARA;441;;CENTRO;96200320;4;3.0;22;431560;-32,03;-52,1;4000;;Ambulatório;1.0;0;0;0;0;0;0;1;0;0;0;0
4,32E+12;4020936;;3;1;B L GUIMARAES;ESPACO VIDA ATIVA;RUA MARCILIO DIAS;343;APTO 101;CIDADE NOVA;96215550;4;3.0;22;431560;-32,04;-52,11;2135;;Unidade de Apoio Diagnóstico;2.0;0;0;0;0;0;0;0;0;1;0;0
4,32E+12;3432424;8,86E+13;3;3;PREFEITURA MUNICIPAL DO RIO GRANDE;UBSF SAO MIGUEL 2 AREA 15;RUA DR EDUARDO ARAUJO;185;;SAO MIGUEL;96212680;4;1.0;1;431560;-32,06;-52,16;1244;;Unidade Básica de Saúde;12.0;10;0;0;7;0;4;1;7;5;0;0
4,32E+12;992240;;3;1;GRAM LABORATORIO DE ANALISES CLINICAS LTDA;LABORATORIO GRAM;AVENIDA ATLANTICA;448;SALA 101;CASSINO;96207662;4;3.0;39;431560;-32,19;-52,16;2062;;Unidade de Apoio Diagnóstico;2.0;0;2;3;0;1;0;0;0;0;1;0
4,32E+12;2863634;;1;1;KEVIN FRANCISCO DURIGON MENEGHINI;KEVIN FRANCISCO DURIGON MENEGHINI;SANTA CATARINA;648;;CENTRO;96211600;4;2.0;22;431560;-32,04;-52,12;4000;;Ambulatório;1.0;0;0;0;0;0;1;0;0;0;0;0
4,32E+12;2852500;;3;1;PMP DROGARIA E COMERCIO DE ELETRONICOS S A;PRECO MAIS POPULAR;RIO GRANDE;146;;CASSINO;96205000;4;1.0;43;431560;-32,17;-52,17;2054;;Farmácia;8.0;0;2;0;0;6;0;0;0;0;0;0
4,32E+12;3575098;;1;1;ADRIANE DE LEON SARAIVA;ADRIANE DE LEON SARAIVA;AVENIDA RIO GRANDE;426;SALA 3 B;CASSINO;96206400;4;3.0;22;431560;-32,18;-52,17;4000;;Ambulatório;1.0;0;0;0;0;0;0;0;0;1;0;0
4,32E+12;446378;;3;1;LABORATORIO NOBEL S A;LABORATORIO NOBEL;RUA DUQUE DE CAXIAS;347;;CENTRO;96200020;4;1.0;22;431560;-32,03;-52,1;2054;;Unidade de Apoio Diagnóstico;2.0;0;0;0;0;0;0;0;0;1;0;0
4,32E+12;7752652;;3;1;CARVALHO LOPES CLINICA LTDA;HIGIA SAUDE E PREVENCAO;RUA LUIZ LOREA;506;SALA 01;CENTRO;96200350;4;3.0;22;431560;-32,03;-52,1;2062;;Ambulatório;1.0;0;0;0;0;0;0;0;0;2;0;0
4,32E+12;3368416;;3;1;CLINICA ORTRA LTDA;ORTRA;RUA DR NASCIMENTO;487;;CENTRO;96200300;4;3.0;36;431560;-32,04;-52,1;2240;;Ambulatório;1.0;0;0;0;0;0;0;0;0;0;0;0
4,32E+12;3371638;;3;1;RADIOCLINICA CLINICA DE RADIODIAGNOSTICOS LTDA;RADIOCLINICA;RUA GEN BACELAR;120;;CENTRO;96200370;4;3.0;36;431560;-32,04;-52,1;2062;;Ambulatório;1.0;0;0;0;0;0;3;0;0;0;0;0
4,32E+12;7907303;;3;1;LOGEVITTA CLINICA DE VACINACAO LTDA;PROTEGE CLINICA DE VACINACAO;GENERAL VITORINO;402;;CENTRO;96200310;4;3.0;22;431560;-32,04;-52,1;2062;;Ambulatório;1.0;0;0;0;1;0;0;0;0;0;0;0
4,32E+12;7831277;;1;1;MARINA FREGONESI FERREIRA;CONSULTORIO DE PEDIATRIA;AVENIDA RIO GRANDE;229;SALA22;CASSINO;96201000;4;3.0;22;431560;-32,04;-52,1;4000;;Ambulatório;1.0;0;0;0;0;0;0;0;0;0;0;0
4,32E+12;2863626;;3;1;LACERDA E LACERDA CLINICA MEDICA LTDA;OTHOS CLINICA;GENERAL CANABARRO;506;;CENTRO;96200200;4;2.0;36;431560;-32,04;-52,1;2062;;Ambulatório;1.0;0;4;0;0;0;3;0;1;6;0;0
4,32E+12;847372;;3;1;DIMED S A DISTRIBUIDORA DE MEDICAMENTOS;PANVEL FARMACIAS;NAPOLEAO LAUREANO;517;LOJA 01;CENTRO;96200100;4;3.0;43;431560;-32,04;-52,09;2046;;Farmácia;8.0;0;2;0;0;6;0;0;0;0;1;0
4,32E+12;9666796;;1;1;EDUARDA HADRICH PAVAO XAVIER;EDUARDA HADRICH PAVAO XAVIER;RUA GENERAL BACELAR;378;SALA 701;CENTRO;96200370;4;1.0;22;431560;-32,03;-52,1;4000;;Ambulatório;1.0;0;0;0;0;0;0;0;0;1;0;0
4,32E+12;5039592;;1;1;SILVIO OMAR MACEDO PRIETSCH;SILVIO OMAR MACEDO PRIETSCH;RUA DR NASCIMENTO;396;;CENTRO;96200300;4;1.0;22;431560;-32,04;-52,1;4000;;Ambulatório;1.0;0;0;0;0;0;1;0;0;0;0;0
4,32E+12;4080238;;1;1;GEOVANA PEDROSO MOCO;GEOVANA PEDROSO MOCO;LUIS LOREA;264;;CENTRO;96200350;4;3.0;22;431560;-32,03;-52,1;4000;;Ambulatório;1.0;0;0;0;0;0;0;0;0;1;0;0
4,32E+12;4066650;;1;1;VANIA BIESEK DE AGUIAR;CONSULTORIO ODONTOLOGICO;SAO LEOPOLDO;395;;CASSINO;96205180;4;1.0;22;431560;-32,18;-52,17;4000;;Ambulatório;1.0;0;0;0;0;0;0;1;0;0;0;0
4,32E+12;4084047;;3;1;PSICOLOGA PAULLA HERMANN DO AMARAL LTDA;PAULLA HERMANN;MARECHAL DEODORO;561;;CIDADE NOVA;96211480;4;3.0;22;431560;-32,04;-52,11;2062;;Ambulatório;1.0;0;0;0;0;0;0;0;0;1;0;0
4,32E+12;2818620;8,86E+13;3;3;PREFEITURA MUNICIPAL DO RIO GRANDE;UBSF POVO NOVO;PRACA CORONEL MARCELINO;S/N;;POVO NOVO;96224122;4;1.0;1;431560;-32,04;-52,1;1244;;Unidade Básica de Saúde;12.0;7;0;0;6;0;3;1;3;0;1;2
4,32E+12;9052267;;1;1;ALINE BARCELLOS GRILL;ALINE BARCELLOS GRILL;RUA GENERAL BACELAR;378;;CENTRO;96200370;4;1.0;22;431560;-32,04;-52,1;4000;;Ambulatório;1.0;0;0;0;0;0;0;0;0;0;0;0
4,32E+12;5249333;;1;1;CARLOS ALBERTO DIONELLO;CARLOS ALBERTO DIONELLO;RUA LUIS LOREA;381;SALA 5;CENTRO;96200350;4;2.0;22;431560;-32,04;-52,1;4000;;Ambulatório;1.0;0;0;0;0;0;0;0;0;0;0;0
4,32E+12;7287410;;1;1;CANDIDA VERGINIA SOARES DA SILVA;CANDIDA DA SILVA;GAL BACELAR;436;207;CENTRO;96200350;4;3.0;22;431560;-32,04;-52,1;4000;;Ambulatório;1.0;0;0;0;0;0;0;0;0;0;0;0
4,32E+12;2831686;;3;1;PMP DROGARIA E COMERCIO DE ELETRONICOS S A;PRECO MAIS POPULAR;24 DE MAIO;200;;CENTRO;96200003;4;1.0;43;431560;-32,03;-52,1;2054;;Farmácia;8.0;0;2;0;0;6;0;0;0;0;0;0
4,32E+12;2232936;;3;1;CLINICA DE FISIATRIA DR HELIO CUSTODIO LTDA;CLINICA DE FISIATRIA RIO GRANDE;RUA VISCONDE DE PARANAGUA;60;;CENTRO;96200380;4;2.0;36;431560;-32,04;-52,1;2062;;Ambulatório;1.0;0;0;0;0;0;0;0;0;0;0;0
4,32E+12;3880702;;3;1;ALINE KOSINSKI DE OLIVEIRA ROCHA LTDA;ALINE KOSINSKI DE OLIVEIRA ROCHA LTDA;RUA GOMES FREIRE;589;;CENTRO;96200470;4;3.0;22;431560;-32,03;-52,1;2062;;Ambulatório;1.0;0;0;0;0;0;1;0;0;0;0;0
4,32E+12;4066677;;1;1;LARISSA CONCEICAO BUNILIA;LARISSA CONCEICAO BUNILIA;24 DE MAIO;375;;CENTRO;96200006;4;3.0;22;431560;-32,04;-52,1;4000;;Ambulatório;1.0;0;0;0;0;0;0;0;0;1;0;0
4,32E+12;9732608;;1;1;CONSULTORIO DE ODONTOPEDIATRIA E ORTODONTIA;CONSULTORIO DE ODONTOPEDIATRIA E ORTODONTIA;ZALONY;160;SALA 1301;CENTRO;96200070;4;3.0;22;431560;-32,04;-52,1;4000;;Ambulatório;1.0;0;0;0;0;0;0;1;0;1;0;0
4,32E+12;469564;;3;1;JOCELAINE VIEGAS VIEIRA;CLINICA VIEIRA FILIAL;PINTO BANDEIRA;60;;JUNCAO;96211580;4;3.0;36;431560;-32,05;-52,14;2135;;Ambulatório;1.0;0;0;0;0;0;0;0;0;2;0;0
4,32E+12;6249906;8,86E+13;3;3;SECRETARIA MUNICIPAL DE SAUDE;UBSF QUERENCIA;AVENIDA BRASIL;1590;;QUERENCIA;96210010;4;3.0;1;431560;-32,04;-52,1;1244;;Unidade Básica de Saúde;12.0;6;0;0;4;0;3;0;4;1;0;0
4,32E+12;5039584;;3;1;CENTRO CLINICO GAUCHO LTDA;CENTRO CLINICO GAUCHO;RUA DR ERICO POESTER PEIXOTO;65;;PARQUE;96202230;4;3.0;36;431560;-32,05;-52,12;2062;;Ambulatório;1.0;0;13;0;15;0;11;0;0;2;4;2
4,32E+12;3368408;;3;1;CARDIOLOGIA INTERVENCIONISTA RIO GRANDE LTDA;CARDIOLOGIA;AV PRESIDENTE VARGAS;334;;CIDADE NOVA;96202336;4;3.0;36;431560;-32,04;-52,1;2062;;Ambulatório;1.0;0;0;0;2;0;3;0;0;0;0;0
4,32E+12;6206840;;1;1;ALINE DE CASTRO COUTINHO;ALINE COUTINHO;GENERAL BACELAR;279;22;CENTRO;96200370;4;1.0;22;431560;-32,04;-52,1;4000;;Ambulatório;1.0;0;0;0;0;0;0;0;0;2;0;0
4,32E+12;7559178;;3;1;ASSOCIACAO DE PAIS E AMIGOS DOS EXCEPCIONAIS;APAE;DUQUE DE CAXIAS;327;;CENTRO;96200020;3;2.0;36;431560;-32,03;-52,1;3999;;Unidade de Reabilitação;4.0;0;3;0;0;0;3;0;1;9;0;0
4,32E+12;7559666;;1;1;SERGIO JOSE WEISS;PSIQUIATRIA SERGIO JOSE WEISS;VICE ALMIRANTE ABREU;493;;CENTRO;96200270;4;1.0;22;431560;-32,04;-52,1;4000;;Ambulatório;1.0;0;0;0;0;0;0;0;0;0;0;0
4,32E+12;3192547;;3;1;ECOS IMAGEM LTDA;ECOS;RUA 19 DE FEVEREIRO;573;;CENTRO;96200490;4;3.0;36;431560;-32,03;-52,1;2062;;Ambulatório;1.0;0;0;4;1;0;2;0;0;0;0;0
4,32E+12;3203174;;3;1;CLINUS LTDA;CLINUS;RUA CARLOS GOMES;738;;CENTRO;96200300;4;3.0;36;431560;-32,04;-52,1;2062;;Ambulatório;1.0;0;0;0;0;0;1;0;0;0;0;0
4,32E+12;6303617;;1;1;CARMEM DELOURDES SILVA FERNANDES;CARMEM SILVA FERNANDES;GENERAL BACELAR;436;211;CENTRO;96200370;4;3.0;22;431560;-32,04;-52,1;4000;;Ambulatório;1.0;0;0;0;0;0;0;0;0;0;0;0
4,32E+12;3804984;;1;1;ALTAIR SOUZA DA SILVA;ALTAIR SOUZA DA SILVA;RUA ZALONY;160;SALA 408;CENTRO;96200070;4;3.0;22;431560;-32,04;-52,1;4000;;Ambulatório;1.0;0;0;0;0;0;0;0;0;1;0;0
4,32E+12;5350484;;1;1;CARLOS ALBERTO MARTINS DE CASTRO;CARLOS ALBERTO MARTINS DE CASTRO;ZALONY;160;SALA 608;CENTRO;96200070;4;3.0;22;431560;-32,04;-52,1;4000;;Ambulatório;1.0;0;0;0;0;0;1;0;0;0;0;0
4,32E+12;5374480;;1;1;JOSE CARLOS HENRIQUE DUARTE DOS SANTOS;CLINICA DE CRIANCAS E ADOLESCENTES;LUIZ LOREA;597;AP 102;CENTRO;96200300;4;3.0;22;431560;-32,04;-52,1;4000;;Ambulatório;1.0;0;0;0;0;0;0;0;0;0;0;0
4,32E+12;5374502;;1;1;SILVIA REGINA DOS SANTOS CARDOSO;SILVIA REGINA DOS SANTOS CARDOSO;GENERAL BACELAR;444;13;CENTRO;96200370;4;3.0;22;431560;-32,04;-52,1;4000;;Ambulatório;1.0;0;0;0;0;0;0;0;0;0;0;0
4,32E+12;6831915;;3;1;CENTRO DE MEDICINA HIPERBARICA S S LTDA;CENTRO DE MEDICINA HIPERBARICA;AV PRESIDENTE VARGAS;334;;SAO PAULO;96202336;4;3.0;36;431560;-32,04;-52,1;2062;;Ambulatório;1.0;0;0;0;0;0;0;0;0;0;0;0
4,32E+12;2818396;8,86E+13;3;3;PREFEITURA MUNICIPAL DO RIO GRANDE;POLICLINICA DO CANALETE;RUA MAJOR CARLOS PINTO;1;;CENTRO;96201220;4;1.0;4;431560;-32,04;-52,1;1244;;Ambulatório;1.0;0;0;0;9;0;4;0;0;1;0;0
4,32E+12;6587534;;1;1;ALICE OSTERBUHR KIELING;ALICE OSTERBUHR KIELING;GENERAL BACELAR;436;306;CENTRO;96211480;4;1.0;22;431560;-32,04;-52,1;4000;;Ambulatório;1.0;0;0;0;0;0;0;0;0;1;0;0
4,32E+12;3933539;;1;1;ROBERTO GUARDIOLA VELLOSO;ROBERTO GUARDIOLA VELLOSO;RUA SENADOR CORREA;423;SALA 101;CENTRO;96200600;4;3.0;22;431560;-32,04;-52,1;4000;;Ambulatório;1.0;0;0;0;0;0;1;0;0;0;0;0
4,32E+12;3933555;;1;1;CONSULTORIO MEDICO MIGUEL ANGELO MARTINS;CONSULTORIO MEDICO MIGUEL JR;RUA VISCONDE DE PARANAGUA;272;;CENTRO;96200300;4;3.0;22;431560;-32,04;-52,1;4000;;Ambulatório;1.0;0;0;0;0;0;0;0;0;0;0;0
4,32E+12;3933717;;1;1;SONIA MARA PALACIO GUIDO;SONIA MARA PALACIO GUIDO;RUA SENADOR CORREA;423;SALA 101;CENTRO;96200600;4;3.0;22;431560;-32,04;-52,1;4000;;Ambulatório;1.0;0;0;0;0;0;0;0;0;0;0;0
4,32E+12;3933741;;1;1;MARILIA COGNO COTTA DE MELLO;DRA MARILIA COTTA DE MELLO;RUA BARAO DE COTEGIPE;443;SALA 515;CENTRO;96200290;4;3.0;22;431560;-32,04;-52,1;4000;;Ambulatório;1.0;0;0;0;0;0;0;0;0;0;0;0
4,32E+12;3933490;;1;1;ABEL SOUTO CRUZ;ABEL SOUTO CRUZ;RUA XAVIER FERREIRA;149;;BOLAXA;96200300;4;3.0;22;431560;-32,17;-52,18;4000;;Ambulatório;1.0;0;0;0;0;0;1;0;0;0;0;0
4,32E+12;6657346;;1;1;MATHEUS SILVEIRA RESMINI;CLINICA RESMINI;CONDE DE PORTO ALEGRE;383;LOJA 1;CENTRO;96200330;4;3.0;22;431560;-32,04;-52,1;4000;;Ambulatório;1.0;0;0;0;0;0;0;0;0;0;0;0
4,32E+12;7295006;;1;1;LISANIE COUTELLE HONSCHA;CONSULTORIO DE PSICOLOGIA;RUA DUQUE DE CAXIAS;393;401;CENTRO;96200020;4;3.0;22;431560;-32,04;-52,1;4000;;Ambulatório;1.0;0;0;0;0;0;0;0;0;0;0;0
4,32E+12;7208960;;3;1;SEAARG SERV ESP DE ANESTESIA E ANALGESIA RIO GRANDE LTDA;SEAARG RIO GRANDE LTDA;RUA BARAO DE COTEGIPE;395;;CENTRO;96200290;4;3.0;4;431560;-32,04;-52,1;2062;;Ambulatório;1.0;0;0;0;0;0;1;0;0;0;0;0
4,32E+12;3319571;;1;1;ALESSANDRA ISABEL ZILLE;ALESSANDRA ISABEL ZILLE;RUA VISCONDE DE PARANAGUA;17;SALA402;CENTRO;96200190;4;3.0;22;431560;-32,03;-52,1;4000;;Ambulatório;1.0;0;0;0;0;0;1;0;0;0;0;0
4,32E+12;2818647;8,86E+13;3;3;PREFEITURA MUNICIPAL DO RIO GRANDE;UBSF SAO JOAO RIO GRANDE;ROBERTO SOCCOWSKI;898;;SAO JOAO;96200210;4;1.0;1;431560;-32,06;-52,17;1244;;Unidade Básica de Saúde;12.0;8;0;0;7;0;3;1;1;0;0;0
4,32E+12;2818698;8,86E+13;3;3;PREFEITURA MUNICIPAL DE RIO GRANDE;UBSF CAIC RIO GRANDE;AV ITALIA;8;;VILA MARIA;96201220;4;3.0;1;431560;-32,04;-52,1;1244;;Unidade Básica de Saúde;12.0;5;0;0;7;0;1;1;3;1;0;0
4,32E+12;2818736;8,86E+13;3;3;PREFEITURA MUNICIPAL DE RIO GRANDE;UBSF MARLUZ RIO GRANDE;RUA PAULO DE FRONTIN;105;;PARQUE MARLUZ;96201230;4;1.0;2;431560;-32,07;-52,15;1244;;Unidade Básica de Saúde;12.0;11;0;0;7;0;7;3;1;0;0;0
4,32E+12;6973493;;3;1;CLINICOR SUL CLINICA MEDICA E DIAGNOSTICO CARDIOVASCULAR LTD;CLINICOR SUL;GENERAL CANABARRO;301;;CENTRO;96200200;4;3.0;36;431560;-32,03;-52,1;2062;;Ambulatório;1.0;0;0;0;0;0;4;0;0;0;0;0
4,32E+12;3880680;;3;1;CARDIO SUL SERVICOS MEDICOS LTDA;CARDIO SUL SERVICOS MEDICOS LTDA;RUA DR PEDRO ARMANDO GATTI;171;;JARDIM DO SOL;96216080;4;3.0;36;431560;-32,04;-52,1;2062;;Ambulatório;1.0;0;0;0;0;0;1;0;0;0;0;0
4,32E+12;3896102;;3;1;JEFERSON MENDES CRUZ;FISIOMAIS;RUA OSVALDO CRUZ;573;;CASSINO;96205110;4;3.0;36;431560;-32,18;-52,16;2135;;Ambulatório;1.0;0;0;0;0;0;0;0;0;3;0;0
4,32E+12;7827881;;1;1;CAROLINE BUENO SALAZAR;CAROLINE BUENO SALAZAR;GENERAL BACELAR;276;SALA 302;CENTRO;96200370;4;3.0;22;431560;-32,03;-52,1;4000;;Ambulatório;1.0;0;0;0;0;0;0;1;0;0;0;0
4,32E+12;7901852;;1;1;ALEXANDRE MOLARDI DE AGUIAR;CONSULTORIO ODONTOLOGICO;SAO LEOPOLDO;395;SALA 1;CASSINO;96205180;4;3.0;22;431560;-32,18;-52,17;4000;;Ambulatório;1.0;0;0;0;0;0;0;1;0;0;0;0
4,32E+12;3983382;;1;1;EDISON RODRIGUES PINTO;CLINICA DR PINTO;RUA CONDE DE PORTO ALEGRE;406;;CENTRO;96200330;4;3.0;22;431560;-32,04;-52,1;4000;;Ambulatório;1.0;0;0;0;0;0;2;0;0;0;0;0
4,32E+12;3983404;;1;1;CEDRIC HEITOR RODRIGUES COELHO;CEDRIC HEITOR RODRIGUES COELHO;RUA VISCONDE DE PARANAGUA;266;;CENTRO;96200190;4;3.0;22;431560;-32,04;-52,1;4000;;Ambulatório;1.0;0;0;0;0;0;1;0;0;0;0;0
4,32E+12;6445853;;3;1;MAGNETON MEDICINA DIAGNOSTICO LTDA;TESLA;AV PRESIDENTE VARGAS;401;;SAO PAULO;96202336;4;3.0;39;431560;-32,05;-52,11;2062;;Ambulatório;1.0;0;10;8;5;0;4;0;1;0;5;0
4,32E+12;7060386;;1;1;DANIELA PEREIRA FIGUEIREDO;DANIELA FIGUEIREDO;RUA VISCONDE DO RIO BRANCO;144;;CIDADE NOVA;96211010;4;3.0;22;431560;-32,04;-52,11;4000;;Ambulatório;1.0;0;0;0;0;0;0;0;0;1;0;0
4,32E+12;2895250;;3;1;CLINICA DENTARIA PAZIN LTDA;CLINICA DENTARIA PAZIN LTDA;JOAO CESAR DE OLIVEIRA;580;;JARDIM DO SOL;96206000;4;2.0;22;431560;-32,1;-52,17;2062;;Ambulatório;1.0;0;0;0;0;0;0;4;0;0;0;0
4,32E+12;6539580;8,86E+13;3;3;PREFEITURA MUNICIPAL DO RIO GRANDE;CAPS I SERELEPE;MARCILIO DIAS;636;;CENTRO;96211001;4;3.0;70;431560;-32,04;-52,1;1244;;Ambulatório;1.0;0;1;0;3;0;2;0;9;8;4;0
4,32E+12;2818655;8,86E+13;3;3;PREFEITURA MUNICIPAL DO RIO GRANDE SMS;UBSF TOROTAMA RIO GRANDE;RUA DA CORSAN;27;;ILHA DA TOROTAMA;96201220;4;1.0;2;431560;-31,91;-52,18;1244;;Unidade Básica de Saúde;12.0;1;0;0;3;0;1;0;0;0;0;0
4,32E+12;2818701;8,86E+13;3;3;PREFEITURA MUNICIPAL DO RIO GRANDE;UBSF DR LUIZ GONZAGA DORA;RUA IRMAO ISICIO;101;;CASTELO BRANCO;96214600;4;1.0;1;431560;-32,04;-52,1;1244;;Unidade Básica de Saúde;12.0;11;0;0;5;0;4;1;5;0;0;0
4,32E+12;2818841;8,86E+13;3;3;PREFEITURA MUNICIPAL DO RIO GRANDE;CENTRO DE VIGILANCIA DE RIO GRANDE;AV MAJOR CARLOS PINTO;551;;CENTRO;96200380;4;1.0;50;431560;-32,04;-52,1;1244;;Unidade de Vigilância de Zoonoses;18.0;0;0;0;1;0;1;0;1;0;0;0
4,32E+12;5295432;;1;1;TANIA VIEIRA DA FONSECA;TANIA VIEIRA DA FONSECA;RUA DR NASCIMENTO;455;SALA 05;CENTRO;96200300;4;3.0;22;431560;-32,04;-52,1;4000;;Ambulatório;1.0;0;0;0;0;0;1;0;0;0;0;0
4,32E+12;6464173;;3;1;MEGA IAMGEM CENTRO DE DIAGNOSTICOS POR IMAGEM;CLINICA UNIMAGEM;RUA TIRADENTES;20;;CIDADE NOVA;96211080;4;2.0;22;431560;-32,04;-52,11;2062;;Ambulatório;1.0;0;0;0;0;0;1;0;0;0;0;0
4,32E+12;6467377;;3;1;CENTRO DE ULTRASONOGRAFIA E DIAGNOSTICOS LTDA;UNIMAGEM SC;RUA VISCONDE DE PARANAGUA;S/N;;CENTRO;96200190;4;2.0;39;431560;-32,03;-52,1;2062;;Ambulatório;1.0;0;1;0;0;0;1;0;0;1;0;0
4,32E+12;2818272;8,86E+13;3;3;PREFEITURA MUNICIPAL DO RIO GRANDE;PACS PROGRAMA DE AGENTES COMUNITARIOS RIO GRANDE;RUA MARECHAL FLORIANO;5;;CENTRO;96201220;4;1.0;2;431560;-32,04;-52,1;1244;;Central de Gestão em Saúde;22.0;0;0;0;5;0;0;0;2;0;0;0
4,32E+12;2232995;;3;1;ASSOCIACAO DE CARIDADE SANTA CASA DE RIO GRANDE;SANTA CASA DO RIO GRANDE;GENERAL OSORIO;625;;CENTRO;96200400;5;3.0;5;431560;-32,03;-52,1;3999;;Hospital;9.0;0;189;81;670;46;314;11;75;55;228;0
4,32E+12;4099338;;3;1;ANA PAULA JOINAS REBOLO OLIVEIRA DE OLIVEIRA;CENTRO CLINICO DE ATEND ESPECIALIZADO ESPACO CONTEMPLAR;VISCONDE DE RIO BRANCO;582;;LAGOA;96211011;4;3.0;22;431560;-32,04;-52,12;2135;;Ambulatório;1.0;0;0;0;0;0;0;0;0;1;0;0
4,32E+12;4115473;;3;1;CLINICA PROFISIO LTDA;CLINICA PROFISIO LTDA;ANTONIO ROCHA MEIRELES LEITE;2783;;SANTA ROSA;96214350;4;3.0;22;431560;-32,08;-52,2;2062;;Ambulatório;1.0;0;0;0;0;0;0;0;0;1;0;0
4,32E+12;409057;8,86E+13;3;3;PREFEITURA MUNICIPAL DO RIO GRANDE;UBSF DR HORACIO BRUM;RUA MORON;219;;CENTRO;96200520;4;1.0;1;431560;-32,03;-52,11;1244;;Unidade Básica de Saúde;12.0;1;0;0;5;0;3;0;3;4;0;0
4,32E+12;316865;;3;1;ESPACO LIFE SERVICOS DE FISIOTERAPIA E EDUCACAO FISICA LTDA;ESPACO LIFE;RUA QUINZE DE NOVEMBRO;421;;MIGUEL DE CASTRO MOR;96211590;4;1.0;22;431560;-32,04;-52,12;2062;;Ambulatório;1.0;0;0;0;0;0;0;0;0;1;0;0
4,32E+12;9559922;;3;1;INOVVARE CLINICA ODONTOLOGICA LTDA;INOVVARE CLINICA ODONTOLOGICA;RUA BARAO DE COTEGIPE;443;SALA 1210;CENTRO;96200290;4;1.0;22;431560;-32,04;-52,1;2062;;Ambulatório;1.0;0;1;0;0;0;0;1;0;0;0;0
4,32E+12;9254374;;3;1;CLINICA GOEDEL LTDA ME;CLINICA GOEDEL;GENERAL BACELAR;378;SALA 902;CENTRO;96200370;4;3.0;22;431560;-32,04;-52,1;2062;;Ambulatório;1.0;0;1;0;0;0;1;0;0;0;0;0
4,32E+12;7978294;;1;1;AIRTON TORRE DE LACERDA;AIRTON TORRES DE LACERDA;TRAV PRESIDENTE KENNEDY;223;;CENTRO;96200230;4;1.0;22;431560;-32,04;-52,1;4000;;Ambulatório;1.0;0;0;0;0;0;1;0;0;0;0;0
4,32E+12;950521;;1;1;CONSULTORIO ODONTOLOGICO;ROGERIO HERNANDES SOUSA;MORON;183;;CENTRO;96200450;4;1.0;22;431560;-32,03;-52,11;4000;;Ambulatório;1.0;0;0;0;0;0;0;1;0;0;0;0
4,32E+12;5251249;;1;1;VILSON ESTEVAO PAULITSCH;PAULITSCH;GENERAL CAMARA;441;;CENTRO;96200200;4;2.0;22;431560;-32,03;-52,1;4000;;Ambulatório;1.0;0;0;0;0;0;1;0;0;0;0;0
4,32E+12;950556;;3;1;GRAM LABORATORIO DE ANALISES CLINICAS LTDA;LABORATORIO GRAM;AVENIDA PRESIDENTE VARGAS;727;;JUNCAO;96202188;4;3.0;39;431560;-32,05;-52,12;2062;;Unidade de Apoio Diagnóstico;2.0;0;4;2;0;1;0;0;0;0;1;0
4,32E+12;472735;;3;1;CLARISSA RESENDE CORREA;CLINICA CLARISSA RESENDE;RUA GENERAL CANABARRO;454;;CENTRO;96200200;4;3.0;36;431560;-32,03;-52,1;2062;;Ambulatório;1.0;0;0;0;0;0;1;0;0;0;0;0
4,32E+12;2972050;;3;1;LIZIANE MUKAI SERVICOS MEDICOS LTDA;DRA LIZIANE MUKAI;BARAO DE COTEGIPE;318;;CENTRO;96200290;4;3.0;22;431560;-32,04;-52,1;2062;;Ambulatório;1.0;0;0;0;0;0;1;0;0;0;0;0
4,32E+12;2906058;;3;1;KIVNA CLINICA MEDICA LTDA;KIVNA CLINICA MEDICA LTDA;GENERAL VITORINO;600;;CENTRO;96200310;4;2.0;22;431560;-32,03;-52,1;2062;;Ambulatório;1.0;0;1;0;0;0;2;0;0;0;0;0
4,32E+12;4066669;;1;1;JULIANA BARBOSA DA COSTA;JULIANA BARBOSA DA COSTA;BARAO DE COTEGIPE;443;;CENTRO;96200290;4;3.0;22;431560;-32,04;-52,1;4000;;Ambulatório;1.0;0;0;0;0;0;0;1;0;0;0;0
4,32E+12;9595333;;3;1;UNIMED LITORAL SUL RS COOPERATIVA MEDICA LTDA;UNIMED LITORAL SULRS DEPART SAUDE OCUPACIONAL DSO;GENERAL OSORIO;487;LETRA A;CENTRO;96200400;4;1.0;22;431560;-32,03;-52,1;2143;;Ambulatório;1.0;0;0;0;0;0;2;0;0;0;0;0
4,32E+12;5249236;;1;1;CARMEN VERA JULIANO PRADO;CARMEN VERA JULIANO PRADO;ANDRADAS;315;;CENTRO;96200030;4;3.0;22;431560;-32,04;-52,1;4000;;Ambulatório;1.0;0;0;0;0;0;0;0;0;0;0;0
4,32E+12;7569920;;1;1;ANA PAULA CALCAGNO DOS SANTOS;CONSULTORIO DE PSICOLOGIA E NEUROPSICOLOGIA ANA PAULA;BARAO DE COTEGIPE;S/N;;CENTRO;96200310;4;1.0;22;431560;-32,04;-52,1;4000;;Ambulatório;1.0;0;0;0;0;0;0;0;0;0;0;0
4,32E+12;7585063;;1;1;MARCIA DE LIMA RODRIGUES;CONSULTORIO MEDICO;AV MAJOR CARLOS PINTO;420;;CIDADE NOVA;96211020;4;1.0;22;431560;-32,04;-52,1;4000;;Ambulatório;1.0;0;0;0;0;0;0;0;0;0;0;0
4,32E+12;9583734;;3;1;CLINICA DO APARELHO DIGESTIVO CAD RIO GRANDE LTDA EPP;CLINICA DO APARELHO DIGESTIVO CAD;GENERAL VITORINO;665;;CENTRO;96200310;4;3.0;36;431560;-32,03;-52,1;2062;;Ambulatório;1.0;0;1;0;0;0;4;0;0;0;0;0
4,32E+12;9635661;;3;1;PAULO ROBERTO DA COSTA;PAULO ROBERTO DA COSTA;RUA GENERAL VITORINO;552;;CENTRO;96200310;4;3.0;36;431560;-32,04;-52,1;2135;;Ambulatório;1.0;0;0;0;0;0;1;0;0;0;0;0
4,32E+12;3527921;;3;1;COMERCIO DE MEDICAMENTOS BRAIR LTDA;SAO JOAO FARMACIAS;AVENIDA JOAO DE OLIVEIRA;330;;JARDIM DO SOL;96216000;4;3.0;43;431560;-32,1;-52,17;2062;;Farmácia;8.0;0;0;0;0;3;0;0;0;0;0;0
4,32E+12;3575136;;1;1;MANUELLE TEIXEIRA BICA;MANUELLE TEIXEIRA BICA;RUA DUQUE DE CAXIAS;88;1004;CENTRO;96200020;4;3.0;22;431560;-32,04;-52,1;4000;;Ambulatório;1.0;0;0;0;0;0;0;0;0;1;0;0
4,32E+12;7747314;;1;1;ICELE MORAES DE AVILA;CONSULTORIO DE FISIOTERAPIA MOVIMENTO;VISCONDE DE PARANAGUA;79;;CENTRO;96200190;4;3.0;22;431560;-32,04;-52,1;4000;;Ambulatório;1.0;0;0;0;0;0;0;0;0;0;0;0
4,32E+12;7830831;;1;1;MARINA ROCHA COSTA;CONSULTORIO DE PSICOLOGIA;AVENIDA PORTUGAL;391;;CIDADE NOVA;96211041;4;3.0;22;431560;-32,03;-52,11;4000;;Ambulatório;1.0;0;0;0;0;0;0;0;0;1;0;0
4,32E+12;5251273;;1;1;CONSULTORIO MEDICO MIGUEL ANGELO MARTINS DE CASTRO JR;CONSULTORIO MEDICO DR MIGUEL ANGELO;VISCONDE DE PARANAGUA;272;;CENTRO;96200190;4;3.0;22;431560;-32,04;-52,1;4000;;Ambulatório;1.0;0;0;0;0;0;1;0;0;0;0;0
4,32E+12;193437;8,86E+13;3;3;MUNICIPIO DE RIO GRANDE;CENTRO DE TRIAGEM E TESTAGEM UPA JUNCAO;ROTULA DA JUNCAO;S/N;;JUNCAO;96216400;4;1.0;1;431560;-32,06;-52,15;1244;;Laboratório de Saúde Pública;19.0;0;0;0;0;0;0;0;0;0;0;0
4,32E+12;9643052;;3;1;LUIZ ANTONIO AMARAL CIA LTDA;CLINICA AMARAL;RUA CONDE DE PORTO ALEGRE;422;;CENTRO;96200330;4;3.0;36;431560;-32,04;-52,1;2062;;Ambulatório;1.0;0;0;0;0;0;0;0;0;0;0;0
4,32E+12;2943581;;3;1;TCHE GURIAS LTDA;TCHE FARMACIAS CENTRAL PARK;AV JOAO OLIVEIRA;480;CENTRAL PARK;JARDIM DO SOL;96216000;4;1.0;43;431560;-32,1;-52,17;2062;;Farmácia;8.0;0;0;0;0;0;0;0;0;0;0;0
4,32E+12;992321;;3;1;WELDEK COMERCIO DE PRODUTOS FARMACEUTICOS LTDA;FARMACIA BELLA FARMA;AV OSVALDO MARTENSEN;240;;PARQUE SAO PEDRO;96216240;4;1.0;43;431560;-32,11;-52,18;2062;;Farmácia;8.0;0;0;0;0;2;0;0;0;0;0;0
4,32E+12;2831554;;3;1;GUILHERME FONSECA VILA;INSTITUTO GUILHERME VILA;MAJOR CARLOS PINTO;420;;CIDADE NOVA;96211020;4;2.0;36;431560;-32,04;-52,11;2062;;Ambulatório;1.0;0;0;0;0;0;0;1;0;0;0;0
4,32E+12;4038649;8,86E+13;3;3;PREFEITURA MUNICIPAL DO RIO GRANDE;CIEVS ESTRATEGICO;MAJOR CARLOS PINTO;551;A;CENTRO;96211021;4;1.0;50;431560;-32,03;-52,11;1244;;Laboratório de Saúde Pública;19.0;1;0;0;1;0;1;0;1;0;0;0
4,32E+12;4080246;;3;1;FARMACIA FRAGATAS LTDA;FARMACIA FRAGATAS;RUA DAS FRAGATAS;179;;PARQUE MARINHA;96215700;4;1.0;43;431560;-32,09;-52,18;2062;;Farmácia;8.0;0;0;0;0;1;0;0;0;0;0;0
4,32E+12;4061942;;3;1;NEOCARE SERVICOS MEDICOS LTDA;NEOCARE SERVICOS MEDICOS;DR NASCIMENTO;763;AP 304;CENTRO;96200300;4;1.0;22;431560;-32,04;-52,11;2062;;Ambulatório;1.0;0;0;0;0;0;2;0;0;0;0;0
4,32E+12;2931125;;3;1;GRAM LABORATORIO DE ANALISES CLINICAS LTDA;LABORATORIO GRAM;AV JOAO OLIVEIRA;470;;CENTRAL PARK;96216000;4;3.0;39;431560;-32,1;-52,17;2062;;Laboratório de Saúde Pública;19.0;0;0;0;0;0;0;0;0;0;0;0
4,32E+12;5904536;;3;1;MARINHA DO BRASIL;POLICLINICA NAVAL DE RIO GRANDE;RUA ALMIRANTE GARNIER;84;;CENTRO;96201220;4;3.0;36;431560;-32,04;-52,1;1015;;Ambulatório;1.0;0;0;5;49;3;19;17;0;11;0;0
4,32E+12;7657021;8,86E+13;3;3;PREFEITURA MUNICIPAL DO RIO GRANDE;UBSF PPV;CAPITAO ANTONIO BENTO SANTOS;2;;CASTELO BRANCO I;96214210;4;1.0;2;431560;-32,07;-52,19;1244;;Unidade Básica de Saúde;12.0;5;0;0;4;0;1;1;3;4;0;0
4,32E+12;7657900;;3;1;IMAGENUS ODONTOLOGIA DIGITAL LTDA;IMAGENUS;AVENIDA SILVA PAES;266;SALA 201;CENTRO;96200300;4;1.0;22;431560;-32,03;-52,1;2062;;Ambulatório;1.0;0;2;0;0;0;0;4;0;0;0;0
4,32E+12;5251389;;1;1;ARI GONCALVES LIMA;ARI GONCALVES LIMA;DUQUE DE CAXIAS;346;;CENTRO;96200020;4;3.0;22;431560;-32,04;-52,1;4000;;Ambulatório;1.0;0;0;0;0;0;1;0;0;0;0;0
4,32E+12;425249;;3;1;ROSANE CORDEIRO MENDONCA;CORPORE SANO;GENERAL NETO;429;;CENTRO;96200010;4;1.0;22;431560;-32,04;-52,1;2135;;Unidade de Terapias Especiais;3.0;0;0;0;0;0;0;0;0;1;0;0
4,32E+12;430234;;3;1;COMERCIO DE MEDICAMENTOS BRAIR LTDA;SAO JOAO FARMACIAS LOJA 2;RUA VINTE E QUATRO DE MAIO;406;;CENTRO;96200003;4;1.0;43;431560;-32,04;-52,1;2062;;Farmácia;8.0;0;0;0;0;4;0;0;0;0;0;0
4,32E+12;465402;;3;1;CLINICA RADIOLOGIA CORE LTDA;CORE DIAGNOSTICO POR IMAGEM;RUA BARAO DE COTEGIPE;443;SALA 701;CENTRO;96200290;4;3.0;22;431560;-32,04;-52,09;2062;;Unidade de Apoio Diagnóstico;2.0;0;2;0;0;0;2;0;0;0;0;0
4,32E+12;315818;;3;1;C S SAUDE LTDA;C S SAUDE;RUA QUINZE DE NOVEMBRO;428;APT 602;MIGUEL DE CASTRO MOR;96211590;4;1.0;22;431560;-32,04;-52,12;2062;;Ambulatório;1.0;0;0;0;0;0;1;0;0;1;0;0
4,32E+12;2707640;;3;1;Hospital PSIQUIATRICO VICENCA MARIA DA FONTOURA LOPES;Hospital PSIQUIATRICO VICENCA MARIA DA FONTOURA LOPES;AV PORTUGAL;352;;CIDADE NOVA;96211040;3;3.0;7;431560;-32,03;-52,11;3999;;Hospital;9.0;0;0;0;0;0;0;0;0;0;0;0
4,32E+12;7181078;;3;1;CAEM CENTRO DE ATENDIMENTO DE ESPECIALIDADES MEDICAS LTDA;CAEM;DUQUE DE CAXIAS;563;;CENTRO;96200020;4;3.0;4;431560;-32,04;-52,1;2062;;Ambulatório;1.0;0;0;0;0;0;4;0;0;0;0;0
4,32E+12;7181795;;1;1;THALITA SALOMAO RODRIGUES ALVES;THALITA SALOMAO;MAL FLORIANO;502;1;CENTRO;96200380;4;3.0;22;431560;-32,04;-52,1;4000;;Ambulatório;1.0;0;0;0;0;0;0;0;0;0;0;0
4,32E+12;7181841;;1;1;VALERIA SILVEIRA;VALERIA RODRIGUES SILVEIRA;GENERAL BACELAR;436;508;CENTRO;96200370;4;3.0;22;431560;-32,04;-52,1;4000;;Ambulatório;1.0;0;0;0;0;0;0;0;0;0;0;0
4,32E+12;7185278;;1;1;SONIA RODRIGUES JACOBI;SONIA RODRIGUES JACOBI;CONSELHEIRO PINTO LIMA;40;A;CENTRO;96200530;4;3.0;22;431560;-32,04;-52,1;4000;;Ambulatório;1.0;0;0;0;0;0;0;0;0;0;0;0
4,32E+12;7157932;;3;1;PROAUDIO SERVICO DE AUDIOLOGIA LTDA;PROAUDIO;LUIZ LOREA;294;;CENTRO;96200350;4;3.0;36;431560;-32,04;-52,1;2062;;Ambulatório;1.0;0;0;0;0;0;0;0;0;0;0;0
4,32E+12;4042883;;3;1;NEUROEDUCANDO LT FISIOTERAPIA LTDA;NEUROEDUCANDO;BARAO DE COTEGIPE;443;SALA 704 706 708 71;CENTRO;96200290;4;3.0;36;431560;-32,04;-52,09;2062;;Ambulatório;1.0;0;0;0;0;0;0;0;0;1;0;0
4,32E+12;4061861;;3;1;DIMED S A DISTRIBUIDORA DE MEDICAMENTOS;PANVEL FARMACIAS;VAL PORTO;393;;PARQUE RESIDENCIAL C;96202700;4;1.0;43;431560;-32,04;-52,1;2046;;Farmácia;8.0;0;1;0;0;3;0;0;0;0;0;0
4,32E+12;9058974;;3;1;MAURICIO TORRADA PEREIRA;COACHINGENTE DESENVOLVIMENTO HUMANO;RUA LUIZ LOREA;557;;CENTRO;96200350;4;1.0;22;431560;-32,04;-52,1;2135;;Ambulatório;1.0;0;0;0;0;0;0;0;0;1;0;0
4,32E+12;6743684;;3;1;ANDRADE E MARTINS SERVICOS MEDICOS LTDA;PURA MEDICINA;AVENIDA MAJOR CARLOS PINTO;422;;CIDADE NOVA;96211020;4;3.0;4;431560;-32,04;-52,11;2062;;Ambulatório;1.0;0;0;0;0;0;1;0;0;0;0;0
4,32E+12;5904552;;3;1;RODRIGUES COSTA EXAMES CARDIOLOGICOS LTDA ME;CARDIO IMAGEM RIO GRANDE;RUA 19 DE FEVEREIRO;595;;CENTRO;96200490;4;3.0;36;431560;-32,04;-52,1;2062;;Unidade de Apoio Diagnóstico;2.0;0;0;0;0;0;4;0;0;0;1;0
4,32E+12;7677723;;3;1;DANIELA P FIGUEIREDO ME;DANIELA FIGUEIREDO;AQUIDABAN;703;ANDAR 07;CENTRO;96200480;4;1.0;22;431560;-32,19;-52,16;2135;;Ambulatório;1.0;0;0;0;0;0;0;0;0;1;0;0
4,32E+12;7895739;;3;1;UNIMED LITORAL SUL RS COOPERATIVA MEDICA LTDA;UNIMED LITORAL SULRS Pronto Atendimento 24H E IMAGEM;RUA AQUIDABAM;692;;CENTRO;96200480;4;3.0;39;431560;-32,03;-52,1;2143;;Ambulatório;1.0;0;11;0;34;1;49;0;3;0;0;0
4,32E+12;5249228;;1;1;SYLVIA DUARTE LINDENMEYER;SYLVIA DUARTE LINDENMEYER;GENERAL VITORINO;393;102;CENTRO;96200310;4;3.0;22;431560;-32,04;-52,1;4000;;Ambulatório;1.0;0;0;0;0;0;1;0;0;0;0;0
4,32E+12;5249406;;1;1;VANESSA CHAVES WEBBER;VANESSA CHAVES WEBBER;RUA GENERAL CANABARRO;101;;CENTRO;96200470;4;3.0;22;431560;-32,04;-52,1;4000;;Ambulatório;1.0;0;0;0;0;0;0;1;0;0;0;0
4,32E+12;5249724;;1;1;CLAUDIO RENATO WENZEL FERREIRA;CLAUDIO RENATO WENZEL FERREIRA;CARLOS GOMES;675;102;CENTRO;96200460;4;3.0;22;431560;-32,04;-52,1;4000;;Ambulatório;1.0;0;0;0;0;0;0;0;0;0;0;0
4,32E+12;5250005;;1;1;RENATO GODINHO OBELHEIRO;RENATO OBELHEIRO;LUIZ LOREA;381;SALA 03;CENTRO;96200350;4;3.0;22;431560;-32,04;-52,1;4000;;Ambulatório;1.0;0;0;0;0;0;0;0;0;0;0;0
4,32E+12;5250099;;1;1;SERGIO CARVALHO PEREIRA;SERGIO PEREIRA;24 DE MAIO;525;A;CENTRO;96200300;4;3.0;22;431560;-32,04;-52,1;4000;;Ambulatório;1.0;0;0;0;0;0;0;0;0;0;0;0
4,32E+12;5251303;;1;1;SIMON WERNER SCHWEIGERT;SIMON WERNER;19 DE FEVEREIRO;558;;CENTRO;96200380;4;3.0;22;431560;-32,04;-52,1;4000;;Ambulatório;1.0;0;0;0;0;0;0;0;0;0;0;0
4,32E+12;5251370;;1;1;ADAMASTOR TAVARES DA CUNHA GUIMARAES;ADAMASTOR GUIMARAES;GENERAL BACELAR;378;602;CENTRO;96200370;4;3.0;22;431560;-32,04;-52,1;4000;;Ambulatório;1.0;0;0;0;0;0;1;0;0;0;0;0
4,32E+12;5251486;;1;1;ALCINO ALCANTARA FILHO;ALCINO ALCANTARA FILHO;TIRADENTES;20;SALA 2;CENTRO;96211080;4;3.0;22;431560;-32,04;-52,12;4000;;Ambulatório;1.0;0;0;0;0;0;1;0;0;0;0;0
4,32E+12;5251559;;1;1;CHEPLE ROBERTO DA SILVA ABIB;CHEPLE ABIB;MORON;476;;CENTRO;96200450;4;3.0;22;431560;-32,04;-52,1;4000;;Ambulatório;1.0;0;0;0;0;0;0;0;0;0;0;0
4,32E+12;5251680;;3;1;SEAT SERVICO ESPECIALIZADO EM ATENDIMENTO TRAUMATOLOGICO LT;SEAT;GENERAL CAMARA;357;;CENTRO;96200320;4;3.0;4;431560;-32,04;-52,1;2240;;Ambulatório;1.0;0;0;0;0;0;0;0;0;0;0;0
4,32E+12;4011813;;3;1;LUIZ EDUARDO SCHEIN SERVICOS MEDICOS LTDA;LUIZ EDUARDO SCHEIN SERVICOS MEDICOS LTDA;AQUIDABAN;684;APT 1101;CENTRO;96200480;4;3.0;36;431560;-32,03;-52,1;2062;;Ambulatório;1.0;0;0;0;0;0;1;0;0;0;0;0
4,32E+12;425303;;3;1;CRISTINA TELOEKEN;CLINICA MOVIMENTE SAUDE DESENVOLVIMENTO;GENERAL CAMARA;439;;CENTRO;96200320;4;1.0;22;431560;-32,04;-52,09;2135;;Ambulatório;1.0;0;0;0;0;0;0;0;0;1;0;0
4,32E+12;7322372;8,86E+13;3;3;UNIDADE DE SAUDE DA PENITENCIARIA ESTADUAL DE RIO GRANDE;Unidade Básica de Saúde PRISIONAL;BR 392 KM 15;S/N;;VILA DA QUINTA;96211040;4;1.0;2;431560;-32,04;-52,1;1244;;Unidade Básica de Saúde;12.0;0;0;0;5;0;2;2;2;3;0;0
4,32E+12;7326211;8,86E+13;3;3;PREFEITURA MUNICIPAL DO RIO GRANDE;ODONTO MOVEL RIO GRANDE;MARECHAL FLORIANO PEIXOTO;5;;CENTRO;96200380;4;3.0;40;431560;-32,27;-52,33;1244;;Unidade Básica de Saúde;12.0;0;0;0;0;0;0;1;1;0;0;0
4,32E+12;4036360;;3;1;UNIMED LITORAL SUL RS COOPERATIVA MEDICA LTDA;UNIMED LITORAL SUL RS CENTRO DE DIAGNOSTICO POR IMAGE;AQUIDABAN;692;;CENTRO;96200480;4;3.0;36;431560;-32,03;-52,1;2143;;Ambulatório;1.0;0;4;4;1;0;7;0;0;0;0;0
4,32E+12;4080254;;1;1;FRADANE GONCALVES BRAZ;FRADANE GONCALVES BRAZ;BARAO DE COTEGIPE;443;SALA 1315;CENTRO;96200290;4;2.0;22;431560;-32,04;-52,1;4000;;Ambulatório;1.0;0;0;0;0;0;0;1;0;0;0;0
4,32E+12;2232960;;3;1;LABORATORIO LOPES TORRES LTDA;LABORATORIO TORRES;DR NASCIMENTO;387;;CENTRO;96200300;4;2.0;39;431560;-32,04;-52,1;2062;;Unidade de Apoio Diagnóstico;2.0;0;3;3;0;2;0;0;0;0;1;0
4,32E+12;484431;;3;1;COMERCIO DE MEDICAMENTOS BRAIR LTDA;FARMACIAS MELHOR PRECO;VINTE E QUATRO DE MAIO;332;;CENTRO;96200003;4;1.0;43;431560;-32,04;-52,1;2062;;Farmácia;8.0;0;0;0;0;1;0;0;0;0;0;0
4,32E+12;5378575;8,86E+13;3;3;PREFEITURA MUNICIPAL DO RIO GRANDE;AMENT DRA NISE DA SILVEIRA;BACELAR;509;;CENTRO;96200380;4;3.0;36;431560;-32,04;-52,1;1244;;Ambulatório;1.0;0;1;0;2;0;3;0;3;5;3;0
4,32E+12;472751;;3;1;I A O INSTITUTO DE ANESTESIA E ORTOPEDIA LTDA;IAO INSTITUTO DE ANESTESIA E ORTOPEDIA;DOM BOSCO;26;APT 701;CIDADE NOVA;96211090;4;3.0;22;431560;-32,04;-52,11;2062;;Ambulatório;1.0;0;0;0;0;0;11;0;0;0;0;0
4,32E+12;3171019;;3;1;GRAM LABORATORIO DE ANALISES CLINICAS LTDA;GRAM LABORATORIO DE ANALISES CLINICAS LTDA;RUA DR NASCIMENTO;457;;CENTRO;96200300;4;3.0;39;431560;-32,04;-52,1;2062;;Unidade de Apoio Diagnóstico;2.0;0;15;13;1;1;0;0;0;3;1;0
4,32E+12;164135;;3;1;DEBORA MARIA DA SILVA MENDES;CLINICA ONCOFISIO;MAJOR MIGUEL PEREIRA;16;;PARQUE RESIDENCIAL S;96201520;4;1.0;22;431560;-32,04;-52,09;2135;;Ambulatório;1.0;0;0;0;0;0;0;0;1;1;0;0
4,32E+12;933287;;3;1;ALINE CHAVES CUNHA;FLORESCER CLINICA PSICOLOGICA;GOMES FREIRE;589;;CENTRO;96200470;4;3.0;22;431560;-32,03;-52,1;2135;;Ambulatório;1.0;0;0;0;0;0;0;0;0;3;0;0
4,32E+12;930318;;3;1;COMERCIO DE MEDICAMENTOS BRAIR LTDA;SAO JOAO FARMACIAS;AVENIDA RIO GRANDE;571;LOJA 01;CASSINO;96205001;4;3.0;43;431560;-32,18;-52,17;2062;;Farmácia;8.0;0;0;0;0;1;0;0;0;0;0;0
4,32E+12;6541232;;1;1;DIEGO MELO DETONI;DIEGO DETONI;MARECHAL FLORIANO PEIXOTO;425;SALA 105;CENTRO;96200380;4;2.0;22;431560;-32,03;-52,1;4000;;Ambulatório;1.0;0;0;0;0;0;0;1;0;0;0;0
4,32E+12;7382529;;3;1;PAULITSCH PAULITSCH LTDA;CLINICA PAULITSCH;GENERAL CAMARA;441;;CENTRO;96200320;4;3.0;36;431560;-32,04;-52,1;2062;;Ambulatório;1.0;0;1;0;0;0;1;0;0;0;0;0
4,32E+12;7463707;;3;1;LABORATORIO DE ANALISES CLINICAS BIRCK LTDA;LABORATORIO BIRCK RG;GENERAL OSORIO;596;;CENTRO;96200400;4;1.0;39;431560;-32,03;-52,1;2062;;Unidade de Apoio Diagnóstico;2.0;0;10;0;4;1;0;0;0;0;1;0
4,32E+12;5249511;;3;1;HOHMANN RUBIM LTDA;FISIO SAUDE;DUQUE DE CAXIAS;351;;CENTRO;96200020;4;3.0;36;431560;-32,04;-52,1;2062;;Ambulatório;1.0;0;0;0;0;0;0;0;0;0;0;0
4,32E+12;5249651;;1;1;CLARISSE SOUTO DAMATI;CLARISSE S DAMATI;GENERAL BACELAR;378;ED ANTARES 403;CENTRO;96200370;4;3.0;22;431560;-32,04;-52,1;4000;;Ambulatório;1.0;0;0;0;0;0;0;1;0;0;0;0
4,32E+12;5249708;;1;1;BIANCA DA SILVA BALAGUEZ;BIANCA DA SILVA BALAGUEZ;GENERAL BACELAR;436;409;CENTRO;96200310;4;3.0;22;431560;-32,04;-52,1;4000;;Ambulatório;1.0;0;0;0;0;0;0;2;0;0;0;0
4,32E+12;5249929;;1;1;GREGORIO JOSE FLORES JIMENEZ;JIMENEZ;DUQUE DE CAXIAS;357;101;CENTRO;96200020;4;3.0;22;431560;-32,04;-52,1;4000;;Ambulatório;1.0;0;1;0;0;0;0;1;0;0;0;0
4,32E+12;5249961;;1;1;CLAUDIO FERNANDO MARQUES MORALES;CLAUDIO MORALES;RUA BENJAMIN CONSTANT;312;;CENTRO;96200090;4;3.0;22;431560;-32,04;-52,1;4000;;Ambulatório;1.0;0;0;0;0;0;0;0;0;0;0;0
4,32E+12;5250080;;1;1;ADRIANA VIEIRA CAMERINI;ADRIANA CAMERINI;ZALONY;160;503;CENTRO;96200070;4;3.0;22;431560;-32,04;-52,1;4000;;Ambulatório;1.0;0;0;0;0;0;0;1;0;0;0;0
4,32E+12;5251311;;1;1;SIRLEI KOWALCZYK;SIRLEI KOWALCZYK;19 DE FEVEREIRO;593;SALA 201;CENTRO;96200280;4;3.0;22;431560;-32,04;-52,1;4000;;Ambulatório;1.0;0;0;0;0;0;0;0;0;0;0;0
4,32E+12;5251532;;1;1;CLAUDIO ACY CORREA RODRIGUES;CLAUDIO ACY CORREA RODRIGUES;AV SENADOR SALGADO FILHO;97;;CENTRO;96201610;4;3.0;22;431560;-32,04;-52,1;4000;;Ambulatório;1.0;0;0;0;0;0;0;0;0;0;0;0
4,32E+12;3535541;;3;1;LUNAV ANALISES CLINICAS LTDA;LABORATORIO LUNAV;RUA AQUIDABAN;697;;CENTRO;96200480;4;3.0;39;431560;-32,03;-52,11;2062;;Unidade de Apoio Diagnóstico;2.0;0;6;23;0;3;13;0;0;5;3;0
4,32E+12;5689694;8,86E+13;3;3;PREFEITURA MUNICIPAL DO RIO GRANDE;UBSF DR CARLOS ROBERTO RIET VARGAS;RUA F;S/N;;CIDADE DE AGUEDA;96214360;4;3.0;2;431560;-32,04;-52,1;1244;;Unidade Básica de Saúde;12.0;8;0;0;4;0;3;1;3;0;0;0
4,32E+12;5689708;8,86E+13;3;3;PREFEITURA MUNICIPAL DO RIO GRANDE;UBSF ACS EVANILDE NOGUEIRA;RUA 1 ESQUINA AVENIDA A;8;;QUINTINHA;96222642;4;3.0;2;431560;-32,07;-52,26;1244;;Unidade Básica de Saúde;12.0;8;0;0;5;0;2;1;6;3;0;0
4,32E+12;6539629;;3;1;NEUROCENTRO E CENTROTORAX SERVICOS MEDICOS LTDA;NEUROCENTRO;VISCONDE PARANAGUA;272;;JUNCAO;96202336;4;2.0;36;431560;-32,04;-52,1;2062;;Ambulatório;1.0;0;0;0;0;0;3;0;0;0;0;0
4,32E+12;7265611;;1;1;DR VINICIUS BERTICELLI TOMAZZONI;CLINICA SOLARIUM;RUA DUQUE DE CAXIAS;308;SALA 02;CENTRO;96200020;4;3.0;22;431560;-32,04;-52,1;4000;;Ambulatório;1.0;0;0;0;0;0;1;0;0;0;0;0
4,32E+12;6606369;8,86E+13;3;3;PREFEITURA MUNICIPAL DO RIO GRANDE;SAMU 192 RIO GRANDE SUPORTE AVANCADO;SATURNINO DE BRITO;S/N;;JUNCAO;96200015;4;1.0;42;431560;-32,05;-52,15;1244;;Pronto Atendimento;7.0;0;0;0;6;0;8;0;0;0;0;8
4,32E+12;2232979;;3;1;RADIOLOGIA BALLESTER LTDA;RADIOLOGIA BALLESTER LTDA;RUA MARECHAL FLORIANO;556;;CENTRO;96200380;4;2.0;39;431560;-32,04;-52,1;2240;;Unidade de Apoio Diagnóstico;2.0;0;0;3;0;0;1;0;0;0;0;0
4,32E+12;2233304;;3;1;CENTRO DE NEFROLOGIA E DIALISE LTDA;CND;RUA GAL VITORINO;665;;CENTRO;96200310;3;2.0;36;431560;-32,04;-52,1;2062;;Unidade de Terapias Especiais;3.0;0;2;0;9;1;4;0;1;3;2;0
4,32E+12;2707675;;3;1;EMPRESA BRASILEIRA DE SERVICOS HospitalARES EBSERH;Hospital UNIVERSITARIO DR MIGUEL RIET CORREA JUNIOR;VISCONDE DE PARANAGUA;102;;CENTRO;96200190;1;3.0;5;431560;-32,04;-52,1;2011;;Hospital;9.0;0;161;89;739;61;294;3;60;103;2;0
4,32E+12;2817837;8,86E+13;3;3;PREFEITURA MUNICIPAL DO RIO GRANDE;CASA DA CRIANCA DR AUGUSTO DUPRAT;RUA CRISTOVAO COLOMBO;451;;CIDADE NOVA;96201220;4;1.0;1;431560;-32,04;-52,1;1244;;Ambulatório;1.0;0;0;0;0;0;0;0;0;0;0;0
4,32E+12;2817861;8,86E+13;3;3;PREFEITURA MUNICIPAL DO RIO GRANDE;UBSF JOSE SALOMAO;RUA 11;1255;;PROFILURB I;96201220;4;1.0;2;431560;-32,04;-52,1;1244;;Unidade Básica de Saúde;12.0;11;0;0;23;0;49;1;2;2;0;1
4,32E+12;3171043;;3;1;FISIOCLINICA RIO GRANDE LTDA;FISIOCLINICA RIO GRANDE LTDA;RUA BARAO DE COTEGIPE;476;;CENTRO;96200290;4;3.0;36;431560;-32,04;-52,1;2240;;Ambulatório;1.0;0;0;0;0;0;0;0;0;0;0;0
4,32E+12;6364845;;1;1;CLEIDER PIMENTEL RODRIGUES MOREIRA;CLEIDER MOREIRA;LUIZ LOREA;359;302;CENTRO;96200350;4;3.0;22;431560;-32,04;-52,1;4000;;Ambulatório;1.0;0;0;0;0;0;0;0;0;0;0;0
4,32E+12;3983366;;1;1;ANDERSON PEREIRA ZEDRADEK;ANDERSON PEREIRA ZEDRADEK;RUA REPUBLICA DO LIBANO;308;SALA 101;CENTRO;96200360;4;3.0;22;431560;-32,04;-52,1;4000;;Ambulatório;1.0;0;0;0;0;0;0;1;0;0;0;0
4,32E+12;3983412;;1;1;CLODOALDO MACHADO COELHO;CLODOALDO MACHADO COELHO;RUA 19 DE FEVEREIRO;558;;CENTRO;96200490;4;3.0;22;431560;-32,04;-52,1;4000;;Ambulatório;1.0;0;0;0;0;0;0;0;0;0;0;0
4,32E+12;3431509;8,86E+13;3;3;PREFEITURA MUNICIPAL DO RIO GRANDE;UBSF BERNADETHE;RUA MARIO GOMES CENTRO;136;;BERNADETH;96203560;4;1.0;2;431560;-32,06;-52,15;1244;;Unidade Básica de Saúde;12.0;8;1;0;4;0;3;0;2;0;0;0
4,32E+12;6614779;;1;1;ALBA MARIA DE PINHO VARELLA;ALBA VARELLA;TRAVESSA DO AFONSO;48;SALA 24;CENTRO;96200110;4;3.0;22;431560;-32,04;-52,1;4000;;Ambulatório;1.0;0;0;0;0;0;0;0;0;1;0;0
4,32E+12;2232987;;3;1;CLINICA ESPECIALIZADA EM ACIDENTE DO TRABALHO LTDA;CEAT;AVENIDA SENADOR SALGADO FILHO;133;;SALGADO FILHO;96201610;4;2.0;36;431560;-32,04;-52,09;2240;;Unidade de Terapias Especiais;3.0;0;0;0;0;0;0;0;0;0;0;0
4,32E+12;2700638;8,86E+13;3;3;PREFEITURA MUNICIPAL DE RIO GRANDE;UBSF SANTA TERESA;RUA PADRE CAIO;198;CASA;SANTA TEREZA;96202650;4;1.0;1;431560;-32,04;-52,08;1244;;Unidade Básica de Saúde;12.0;4;0;0;4;0;2;0;6;0;0;0
4,32E+12;2817853;8,86E+13;3;3;PREFEITURA MUNICIPAL DO RIO GRANDE SMS;CENTRO DE SAUDE DR PEDRO ARMANDO GATTI;RUA DOS VELEIROS;300;;PARQUE MARINHA;96201220;4;1.0;2;431560;-32,04;-52,1;1244;;Unidade Básica de Saúde;12.0;0;0;0;33;0;78;3;3;3;0;4
4,32E+12;9403795;;1;1;MARIANE DA CUNHA DUTRA;NUCLEO PSICOTERAPEUTICO LAR DOCE LAR;RUA PROFESSORA ODETTE;180;APTO 301;CASSINO;96206190;4;1.0;22;431560;-32,18;-52,16;4000;;Ambulatório;1.0;0;0;0;0;0;0;0;0;1;0;0
4,32E+12;6303544;;1;1;SERGIO RENATO MARQUES DO AMARAL;SERGIO AMARAL;RUA 19 DE FEVEREIRO;578;1;CENTRO;96200490;4;1.0;22;431560;-32,04;-52,1;4000;;Ambulatório;1.0;0;0;0;0;0;0;0;0;0;0;0
4,32E+12;6303587;;1;1;CHRISTIANE VENSKE DE ALMEIDA;CHRISTIANE VENSKE;GOMES FREIRE;728;CJ 102;CENTRO;96200470;4;3.0;22;431560;-32,03;-52,1;4000;;Ambulatório;1.0;0;0;0;0;0;1;0;0;0;0;0
4,32E+12;5273250;;3;1;YOUNAN E CIA LTDA;CLINICA YOUNAN;VISCONDE DE PARANAGUA;224;;CENTRO;96200190;4;1.0;36;431560;-32,04;-52,1;2240;;Ambulatório;1.0;0;0;0;0;0;0;0;0;0;0;0
4,32E+12;5290503;;1;1;MARIA LETICIA RESMINI FIGURELLI;MARIA FIGURELLI;RUA MARCILIO DIAS;245;;CIDADE NOVA;96211550;4;3.0;22;431560;-32,03;-52,1;4000;;Ambulatório;1.0;0;0;0;0;0;1;0;0;0;0;0
4,32E+12;5295440;;1;1;ANA LUCIA HENTSCH CHAVES;ANA LUCIA HENTSCH CHAVES;MARECHAL FLORIANO PEIXOTO;506;;CENTRO;96200380;4;3.0;22;431560;-32,04;-52,1;4000;;Ambulatório;1.0;0;0;0;0;0;1;0;0;0;0;0
4,32E+12;6206883;;1;1;CLARICE LAGES DE LA ROCHA;CLARICE LAGES DE LA ROCHA;RUA GAL ABREU;131;;CIDADE NOVA;96211102;4;1.0;22;431560;-32,04;-52,1;4000;;Ambulatório;1.0;0;0;0;0;0;0;0;0;0;0;0
4,32E+12;6206921;;3;1;POLICLINICA DO RIO GRANDE LTDA;POLICLINICA DO RIO GRANDE;RUA GENERAL CANABARRO;506;;CENTRO;96200200;4;3.0;4;431560;-32,04;-52,1;2240;;Ambulatório;1.0;0;2;0;1;0;2;0;0;0;0;0
4,32E+12;5986249;;1;1;TATIANA B BURATTI;TATIANA BURATTI;ZALONY;160;305;CENTRO;96210000;4;1.0;22;431560;-32,04;-52,1;4000;;Ambulatório;1.0;0;0;0;0;0;0;0;0;0;0;0
4,32E+12;3295885;;3;1;ENDOCENTROCENTRO DE ENDOSCOPIA DIGESTIVA LTDA;ENDOCENTRO;AQUIDABAN;689;SALA 06;CENTRO;96200200;4;3.0;36;431560;-32,03;-52,1;2240;;Ambulatório;1.0;0;1;0;0;0;3;0;0;0;0;0
4,32E+12;5076129;;1;1;ROBERTA RUSSOMANNO;ROBERTA RUSSOMANNO;RUA AQUIDABAN;627;;CENTRO;96200480;4;2.0;22;431560;-32,04;-52,1;4000;;Ambulatório;1.0;0;0;0;0;0;0;1;0;0;0;0
4,32E+12;5098548;;1;1;VERA REGINA MORALLES ALONSO;VERA REGINA MORALLES ALONSO;RUA LISBOA;114;;CASSINO;96205220;4;3.0;22;431560;-32,04;-52,1;4000;;Ambulatório;1.0;0;0;0;0;0;0;0;0;1;0;0
4,32E+12;2818477;8,86E+13;3;3;PREFEITURA MUNICIPAL DO RIO GRANDE;POSTO DE SAUDE ARTUR SCHMIDT;RUA MARCIANO ESPINDOLA;191;;GETULIO VARGAS;96201220;4;1.0;1;431560;-32,04;-52,08;1244;;Unidade Básica de Saúde;12.0;4;0;0;5;0;2;0;0;0;0;0
4,32E+12;2818493;8,86E+13;3;3;PREFEITURA MUNICIPAL DO RIO GRANDE;POSTO DE SAUDE COHAB IV RIO GRANDE;RUA 13;1;;COHAB IV;96201220;4;1.0;1;431560;-32,04;-52,12;1244;;Ambulatório;1.0;0;0;0;0;0;0;0;0;0;0;0
4,32E+12;2818515;8,86E+13;3;3;PREFEITURA MUNICIPAL DO RIO GRANDE SMS;POSTO DE SAUDE DA JUNCAO;SATURNINO DE BRITTO;497;;JUNCAO;96201220;4;1.0;2;431560;-32,04;-52,1;1244;;Unidade Básica de Saúde;12.0;0;1;0;5;0;4;0;0;1;0;0
4,32E+12;2818531;8,86E+13;3;3;PREFEITURA MUNICIPAL DO RIO GRANDE;POSTO DE SAUDE DO PARQUE SAO PEDRO;RUA FRANCISCO FURTADO GOMES;198;;PARQUE SAO PEDRO;96201220;4;1.0;1;431560;-32,04;-52,1;1244;;Unidade Básica de Saúde;12.0;0;0;0;6;0;1;0;0;1;0;0
4,32E+12;2818566;8,86E+13;3;3;PREFEITURA MUNICIPAL DO RIO GRANDE SMS;UBSF DOMINGOS PETROLINE;RUA VALDEMAR C DE AGUIAR;359;;DOMINGOS PETROLINI;96201220;4;1.0;2;431560;-32,07;-52,17;1244;;Unidade Básica de Saúde;12.0;3;0;0;3;0;2;1;3;0;0;0
4,32E+12;2818582;8,86E+13;3;3;PREFEITURA MUNICIPAL DO RIO GRANDE;UBSF ILHA DOS MARINHEIROS;RUA FREDERICO DE ALBUQUERQUE;581;;ILHA DOS MARINHEIROS;96223000;4;1.0;1;431560;-32,01;-52,16;1244;;Unidade Básica de Saúde;12.0;3;0;0;2;0;3;0;0;0;0;0
4,32E+12;637327;;3;1;COMERCIO DE MEDICAMENTOS BRAIR LTDA;SAO JOAO FARMACIAS;AVENIDA SANTOS DUMONT;945;;JUNCAO;96202090;4;3.0;43;431560;-32,06;-52,14;2062;;Farmácia;8.0;0;0;0;0;1;0;0;0;0;0;0
4,32E+12;664502;;3;1;VIVIAN BERTOGLIO GAZZOLA LTA;CLINICA DRA VIVIAN BERTOGLIO;RUA BARAO DE COTEGIPE;443;;CENTRO;96200290;4;1.0;36;431560;-32,04;-52,1;2062;;Ambulatório;1.0;0;0;0;0;0;0;4;0;0;0;0
4,32E+12;792276;;3;1;COMERCIO DE MEDICAMENTOS BRAIR LTDA;FARMACIAS SAO JOAO;AVENIDA RIO GRANDE;91;A;CASSINO;96207000;4;3.0;43;431560;-32,18;-52,16;2062;;Farmácia;8.0;0;0;0;0;1;0;0;0;0;0;0
4,32E+12;804762;;3;1;ERNANI PINHO MORAES;GASTROCLINICA;RUA GENERAL VITORINO;690;;CENTRO;96200310;4;3.0;36;431560;-32,04;-52,09;2135;;Ambulatório;1.0;0;0;0;0;0;1;0;0;0;0;0
4,32E+12;845744;;3;1;ASSOCIACAO DE PAIS E AMIGOS DO AUTISTAS DE RIO GRANDE;AMAR;RUA JOCKEY CLUB;155;LOJA 25;SAO MIGUEL;96212730;4;3.0;36;431560;-32,05;-52,15;3999;;Unidade de Apoio Diagnóstico;2.0;0;2;0;0;0;0;0;1;0;0;0
4,32E+12;9658971;;3;1;I A A INSTITUTO DE ANESTESIA E ANALGESIA E SERVICOS MEDICOS;I A A INSTITUTO DE ANESTESIA E ANALGESIA E SERVICOS MEDICOS;RUA DOM BOSCO;26;APTO 701;CIDADE NOVA;96211090;4;3.0;22;431560;-32,04;-52,1;2062;;Ambulatório;1.0;0;0;0;0;0;1;0;0;0;0;0
4,32E+12;9659951;;3;1;BONGALHARDO ESTETICA E PILATES LTDA;BONGALHARDO ESTETICA E PILATES;VICE ALMIRANTE ABREU;688;;CENTRO;96200270;4;3.0;36;431560;-32,04;-52,1;2062;;Ambulatório;1.0;0;0;0;0;0;0;0;0;3;0;0
4,32E+12;9170405;;1;1;MICHEL FALCAO BREDOW;MICHEL FALCAO BREDOW UROLOGIA CIRURGIA GERAL;GENERAL CANABARRO;512;;CENTRO;96200200;4;2.0;22;431560;-32,03;-52,1;4000;;Ambulatório;1.0;0;0;0;0;0;1;0;0;0;0;0
4,32E+12;9109870;;3;1;ROSANA GOMES SOUZA 00381304086;ROSANA GOMES SOUZA;DOUTOR LUIZ AMARO FARAL;90;;PARQUE RESIDENCIAL S;96216210;4;2.0;22;431560;-32,04;-52,1;2135;;Ambulatório;1.0;0;0;0;0;0;0;0;0;1;0;0
4,32E+12;9146733;;3;1;DR THOME SERVICOS MEDICOS LTDA ME;DR THOME SERVICOS MEDICOS;BARAO DO COTEGIPE;443;SALA 804 806;CENTRO;96200290;4;3.0;22;431560;-32,04;-52,1;2062;;Ambulatório;1.0;0;0;0;0;0;2;0;0;0;0;0
4,32E+12;469726;;3;1;KELLEN GODINHO DA CONCEICAO;QUALITYLIVE CLINICA DE FISIOTERAPIA E PILATES;RUA DOS SAVEIROS;79;;PARQUE MARINHA;96215020;4;3.0;36;431560;-32,09;-52,18;2135;;Ambulatório;1.0;0;0;0;0;0;0;0;0;1;0;0
4,32E+12;3919277;;3;1;CENTROIMAGEM CENTRO DE ULTRA SONOGRAFIA E BIOPSIA LTDA;CENTROIMAGEM;RUA GENERAL CANABARRO;210;;CENTRO;96200200;4;3.0;39;431560;-32,04;-52,1;2240;;Ambulatório;1.0;0;0;0;0;0;1;0;0;0;0;0
4,32E+12;9408975;;3;1;CLINICA ONCOLOGICA RIO GRANDE LTDA EPP;ONCOCLIN;DOM BOSCO;187;;CIDADE NOVA;96211090;4;3.0;36;431560;-32,04;-52,1;2062;;Ambulatório;1.0;0;0;0;1;0;3;0;0;0;0;0
4,32E+12;2986167;;3;1;COMERCIO DE MEDICAMENTOS BRAIR LTDA;SAO JOAO FARMACIAS;PINTO BANDEIRA;339;;JUNCAO;96212472;4;1.0;43;431560;-32,06;-52,15;2062;;Farmácia;8.0;0;0;0;0;2;0;0;0;0;0;0
4,32E+12;9109927;;3;1;RODRIGO MORALES BARBOSA ME;CLINICA ARTESAUDE;BUARQUE DE MACEDO;207;;CIDADE NOVA;96200210;4;1.0;22;431560;-32,04;-52,11;2135;;Ambulatório;1.0;0;0;0;0;0;0;0;0;1;0;0
4,32E+12;637440;;3;1;COMERCIO DE MEDICAMENTOS BRAIR LTDA;SAO JOAO FARMACIAS;RUA LUIZ LOREA;490;;CENTRO;96200350;4;3.0;43;431560;-32,03;-52,1;2062;;Farmácia;8.0;0;0;0;0;1;0;0;0;0;0;0
4,32E+12;9436480;;3;1;ENDOCOR RG SERVICOS MEDICOS LTDA;ENDOCOR RG SERVICOS MEDICOS;GENERAL NETO;319;SALA 101 102;CENTRO;96200010;4;1.0;36;431560;-32,04;-52,1;2062;;Ambulatório;1.0;0;1;0;0;0;2;0;0;0;0;0
4,32E+12;2916932;;3;1;COMERCIO DE MEDICAMENTOS BRAIR LTDA;SAO JOAO FARMACIAS;AV PRESIDENTE VARGAS;930;LOJA 01;JUNCAO;96202188;4;1.0;43;431560;-32,05;-52,12;2062;;Farmácia;8.0;0;0;0;0;2;0;0;0;0;0;0
4,32E+12;2912155;;3;1;ELLAS PRESTACAO DE SERVICOS MEDICOS LTDA;ELLAS INSTITUTO MEDICO DA MULHER;DR NASCIMENTO;737;;CENTRO;96200300;4;2.0;22;431560;-32,04;-52,1;2062;;Ambulatório;1.0;0;0;0;0;0;3;0;0;0;0;0
4,32E+12;7498187;;1;1;ARLINDA QUESADA BECK;DRA ARLINDA Q BECK PEDIATRA NEONATOLOGISTA;BARAO DE COTEGIPE;443;1206;CENTRO;96200290;4;1.0;22;431560;-32,04;-52,1;4000;;Ambulatório;1.0;0;1;0;0;0;1;0;0;0;0;0
4,32E+12;7521863;;1;1;FELIPE DE PINHO ZENOBINI;CONSULTORIO DE PSICOLOGIA FELIPE ZENOBINI;RUA ZALONY;265;;RIO GRANDE;96200070;4;1.0;22;431560;-32,04;-52,1;4000;;Ambulatório;1.0;0;0;0;0;0;0;0;0;0;0;0
4,32E+12;7904290;;3;1;C C SILVEIRA ME;CINTIA COCH SILVEIRA;QUINZE DE NOVEMBRO;428;AP 602;MIGUEL DE CASTRO MOR;96211590;4;3.0;22;431560;-32,04;-52,1;2062;;Ambulatório;1.0;0;0;0;0;0;0;0;0;0;0;0
4,32E+12;9708626;;3;1;GUILHERME DE BARROS ZANOTTA EIRELI;ORAMA CLINICA OFTAMOLOGICA;RUA BARAO DE COTEGIPE;443;SALA 817;CENTRO;96200290;4;3.0;36;431560;-32,04;-52,1;2062;;Ambulatório;1.0;0;3;0;0;0;1;0;0;0;0;0
4,32E+12;9401784;;3;1;JOCELAINE VIEGAS VIEIRA ME;CLINICA VIEIRA;AV DA PAZ;12;;POVO NOVO;96224582;4;3.0;36;431560;-31,94;-52,31;2135;;Ambulatório;1.0;0;0;0;0;0;0;0;0;2;0;0
4,32E+12;9463941;;1;1;AUAD SABER SHAMAH;AUAD SABER SHAMAH CONSULTORIO ODONTOLOGICO;GENERAL NETO;345;;CENTRO;96200010;4;1.0;22;431560;-32,04;-52,1;4000;;Ambulatório;1.0;0;0;0;0;0;0;1;0;0;0;0
4,32E+12;9574379;;3;1;ENDOCENTRO CENTRO DE ENDOSCOPIA DIGESTIVA LTDA;ENDOCENTRO CARDIOLOGIA;AVENIDA PRESIDENTE VARGAS;334;;JUNCAO;96202336;4;3.0;84;431560;-32,05;-52,11;2240;;Ambulatório;1.0;0;0;0;0;0;0;0;0;0;0;0
4,32E+12;2895269;;3;1;LEANDRO LONDERO SERVICOS MEDICOS LTDA;LEANDRO LONDERO SERVICOS MEDICOS LTDA;DOM BOSCO;187;;CIDADE NOVA;96211090;4;3.0;36;431560;-32,04;-52,11;2062;;Ambulatório;1.0;0;0;0;0;0;1;0;0;0;0;0
4,32E+12;9651578;;3;1;ALEXANDRE PRANDINI;ALEXANDRE PRANDINI;AVENIDA ATLANTICA;269;;CASSINIO;96207424;4;3.0;22;431560;-32,04;-52,1;2062;;Ambulatório;1.0;0;0;0;0;0;1;0;0;0;0;0
4,32E+12;9625798;;1;1;CAMILA BRITTO RODRIGUES;CAMILA BRITTO RODRIGUES;BARAO DE COTEGIPE;443;SALA 1001;CENTRO;96200290;4;1.0;22;431560;-32,04;-52,1;4000;;Ambulatório;1.0;0;0;0;0;0;1;0;0;0;0;0
4,32E+12;816817;;3;1;DIMED S A DISTRIBUIDORA DE MEDICAMENTOS;PANVEL FARMACIAS;AV JOAO OLIVEIRA;1;;JARDIM DO SOL;96216000;4;3.0;43;431560;-32,1;-52,18;2046;;Farmácia;8.0;0;2;0;0;2;0;0;3;0;0;0
4,32E+12;262129;;3;1;LILIAN T LOUZADA PREST DE SERV E TREINAM PROFIS LTDA;SUPPORT LIFE;ZALONY;479;;CENTRO;96200070;4;;22;431560;-32,04;-52,1;2062;;Ambulatório;1.0;0;0;0;2;0;0;0;0;0;0;1
4,32E+12;314846;;3;1;CARLA ROSANA PINHEIRO MENDES;CARLA MENDES;AV TRAMANDAI;2296;;CASSINO;96207330;4;1.0;22;431560;-32,17;-52,15;2135;;Ambulatório;1.0;0;0;0;0;0;0;0;0;1;0;0
4,32E+12;9479406;;1;1;AMANDA GAGO DA SILVA RAMOS;AMANDA GAGO DA SILVA RAMOS CONSULTORIO DE PSICOLOGIA;BENJAMIN CONSTANT;208;SALA 202;CENTRO;96200360;4;1.0;22;431560;-32,04;-52,1;4000;;Ambulatório;1.0;0;0;0;0;0;0;0;0;1;0;0
4,32E+12;2857103;;3;1;CLINICA ODONTOLOGIA MULLER EIRELI;CLINICA ODONTOLOGIA MULLER EIRELI;MARECHAL FLORIANO;165;;CENTRO;96200380;4;3.0;22;431560;-32,64;-52,54;2062;;Ambulatório;1.0;0;0;0;0;0;1;1;0;0;0;0
4,32E+12;773581;;3;1;DIMED DISTRIBUIDORA DE MEDICAMENTOS S A;PANVEL FARMACIA;LUIZ LOREA;502;;CENTRO;96200350;4;3.0;43;431560;-32,03;-52,1;2046;;Farmácia;8.0;0;2;0;0;5;0;0;2;0;1;0
4,32E+12;773530;;3;1;GOETTEMS E VARGAS LABORATORIO DE ANALISES CLINICAS;ANALISA LABORATORIO;AVENIDA PORTUGAL;213;SALA 01;CIDADE NOVA;96211041;4;3.0;80;431560;-32,03;-52,11;2062;;Unidade de Apoio Diagnóstico;2.0;0;0;0;0;1;0;0;0;0;0;0
4,32E+12;2993147;;3;1;COMERCIO DE MEDICAMENTOS BRAIR LTDA;SAO JOAO FARMACIAS;BUARQUE DE MACEDO;194;;CIDADE NOVA;96211684;4;1.0;43;431560;-32,04;-52,11;2062;;Farmácia;8.0;0;0;0;0;1;0;0;0;0;0;0
4,32E+12;756830;;3;1;DIMED S A DISTRIBUIDORA DE MEDICAMENTOS;PANVEL FARMACIAS;RUA MARECHAL FLORIANO PEIXOTO;353;;CENTRO;96200380;4;3.0;43;431560;-32,03;-52,1;2046;;Farmácia;8.0;0;6;0;0;7;0;0;0;0;1;0
4,32E+12;632368;;3;1;SERVICO SOCIAL DO TRANSPORTE;SEST RIO GRANDE RS UNIDADE CN N165;RUA DAS GALERAS;190;;PARQUE MARINHA;96215420;4;2.0;4;431560;-32,04;-52,1;3077;;Ambulatório;1.0;0;1;0;0;0;0;3;0;1;0;0
4,32E+12;7631367;;1;1;JULIA TORRES ESTIMA;CONSULTORIO JULIA ESTIMA;RUA ZALONY;160;305;CENTRO;96200070;4;1.0;22;431560;-32,04;-52,1;4000;;Ambulatório;1.0;0;0;0;0;0;0;0;0;0;0;0
4,32E+12;7631693;;1;1;LAIS FIGUEIREDO DE FREITAS;CONSULTORIO DE PSICOLOGIA LAIS FREITAS;VISCONDE DE PARANAGUA;262;;CENTRO;96200190;4;1.0;22;431560;-32,04;-52,1;4000;;Ambulatório;1.0;0;0;0;0;0;0;0;0;0;0;0
4,32E+12;9437983;;3;1;ENDIA SERVICOS MEDICOS E ODONTOLOGICOS LTDA ME;CLINICA ENDIA;DEZENOVE DE FEVEREIRO;593;SALA 401;CENTRO;96200490;4;1.0;22;431560;-32,04;-52,1;2062;;Ambulatório;1.0;0;1;0;0;0;1;1;0;0;0;0
4,32E+12;7640331;;1;1;DEISE DE AVILA SILVA;CONSULTORIO ODONTOLOGICO;AVENIDA RIO GRANDE;229;;BALNEARIO CASSINO;96205001;4;1.0;22;431560;-32,04;-52,1;4000;;Ambulatório;1.0;0;0;0;0;0;0;0;0;0;0;0
4,32E+12;7640838;;1;1;ANGELINA PONTES DA SILVA;PSICOLOGA ANGELINA PONTES DA SILVA;RUA ZALONY;170;SALA 102;CENTRO;96200070;4;1.0;22;431560;-32,04;-52,1;4000;;Ambulatório;1.0;0;0;0;0;0;0;0;0;0;0;0
4,32E+12;2943611;;3;1;GUSTAVO FERNANDES GARBUI;GUSTAVO FERNANDES GARBUI;ROBERTO SOCOOWSKI;881;BL02 AP303;SAO JOAO;96213002;4;2.0;22;431560;-32,06;-52,17;2135;;Ambulatório;1.0;0;0;0;0;0;1;0;0;0;0;0
4,32E+12;2895242;;3;1;ROSANE FOSSATI GONCALVES;ROSANE FOSSATI GONCALVES;BARAO DE COTEGIPE;443;SALA 1312;CENTRO;96200290;4;3.0;22;431560;-32,04;-52,1;2135;;Ambulatório;1.0;0;0;0;0;0;1;0;0;0;0;0
4,32E+12;930296;;1;1;FERNANDO BRENNER;FERNANDO BRENNER;BARAO DE COTEGIPE;443;SALA 517;CENTRO;96200290;4;3.0;22;431560;-32,04;-52,1;4000;;Ambulatório;1.0;0;0;0;0;0;0;0;0;1;0;0
4,32E+12;974447;;3;1;APARECIDO CLINICA MULTIDISCIPLINAR LTDA;RECRIAR CLINICA MULTIDISCIPLINAR;GENERL CANABARRO;458;;CENTRO;96200200;4;3.0;22;431560;-32,04;-52,1;2062;;Ambulatório;1.0;0;0;0;0;0;0;0;0;1;0;0
4,32E+12;9355499;;1;1;EDUARDO BERTICELLI TOMAZZONI;CONSULTORIO EDUARDO TOMAZZONI;19 DE FEVEREIRO;593;SALA 502;CENTRO;96200490;4;3.0;22;431560;-32,04;-52,1;4000;;Ambulatório;1.0;0;0;0;0;0;1;0;0;0;0;0
4,32E+12;9679146;;3;1;JEFERSON MENDES CRUZ;FISIOMAIS;RUA NAPOLEAO LAUREANO;330;;CENTRO;96200100;4;1.0;36;431560;-32,05;-52,38;2135;;Ambulatório;1.0;0;0;0;0;0;0;0;0;4;0;0
4,32E+12;301361;8,86E+13;3;3;PREFEITURA MUNICIPAL DO RIO GRANDE;UBSF CASSINO;RUA JULIO DE CASTILHO;315;;CASSINO;96201220;4;1.0;2;431560;-32,18;-52,17;1244;;Unidade Básica de Saúde;12.0;4;0;0;9;0;6;2;6;0;0;4
4,32E+12;4011783;;3;1;BORTOLINI HENRIQUES SERVICOS MEDICOS LTDA;BORTOLINI HENRIQUES SERVICOS MEDICOS LTDA;BUARQUE DE MACEDO;485;BLOCO 06 APT 301;CIDADE NOVA;96211114;4;3.0;36;431560;-32,04;-52,11;2062;;Ambulatório;1.0;0;0;0;0;0;2;0;0;0;0;0
4,32E+12;4082478;;1;1;KATLEN MELLO DE CASTRO;KATLEN MELLO DE CASTRO;AQUIDABAN;714;SALA 15;CENTRO;96200480;4;3.0;22;431560;-32,03;-52,11;4000;;Ambulatório;1.0;0;0;0;0;0;0;0;0;1;0;0
4,32E+12;4080203;;1;1;ELAINE VIEIRA NEVES;ELAINE VIEIRA NEVES;AQUIDABAN;714;SALA 79;CENTRO;96200210;4;3.0;22;431560;-32,03;-52,1;4000;;Ambulatório;1.0;0;0;0;0;0;0;0;0;1;0;0
4,32E+12;4092554;8,86E+13;3;3;MUNICIPIO DO RIO GRANDE;SALA DE IMUNIZACAO;MAJOR CARLOS PINTO;551;;CENTRO;96211020;4;1.0;85;431560;-32,04;-52,11;1244;;Centro de Imunização;17.0;0;0;0;1;0;0;0;0;0;0;0
4,32E+12;4066685;;1;1;JOSE LUCAS ROCHEL DAS NEVES;JOSE LUCAS ROCHEL DAS NEVES;DUQUE DE CAIXIAS;491;;CENTRO;96200020;4;3.0;22;431560;-32,04;-52,1;4000;;Ambulatório;1.0;0;0;0;0;0;0;0;0;1;0;0
4,32E+12;5070902;;1;1;VICTOR ALEXANDRE MALDONADO LOCH;VICTOR ALEXANDRE MALDONADO LOCH;RUA LUIZ LOREA;359;SALA 301;CENTRO;96200350;4;3.0;22;431560;-32,04;-52,1;4000;;Ambulatório;1.0;0;0;0;0;0;0;0;0;1;0;0
4,32E+12;9909672;;1;1;LETICIA DE OLIVEIRA RUBIRA;LETICIA DE OLIVEIRA RUBIRA;AQUIDABAN;685;;CENTRO;96200480;4;3.0;22;431560;-32,04;-52,1;4000;;Ambulatório;1.0;0;0;0;0;0;1;0;0;0;0;0
4,32E+12;7561482;;3;1;GUILHERME ZDRADK GUIMARAES ME;CLINICA ZDRADK;AQUIDABAM;627;;CENTRO;96200480;4;1.0;22;431560;-32,04;-52,1;2135;;Ambulatório;1.0;0;0;0;0;0;0;0;0;0;0;0
4,32E+12;3999912;;1;1;CECILIA BEATRIZ COCH;CECILIA BEATRIZ COCH;RUA LUIZ LOREA;383;;CENTRO;96200220;4;3.0;22;431560;-32,04;-52,1;4000;;Ambulatório;1.0;0;0;0;0;0;0;0;0;0;0;0
4,32E+12;7366787;;3;1;TUANNNY OLIVEIRA E SILVEIRA E CIA LTDA;UROFISIO;ZALONY;353;;CENTRO;96200070;4;3.0;22;431560;-32,04;-52,1;2062;;Ambulatório;1.0;0;0;0;0;0;0;0;0;1;0;0
4,32E+12;262099;8,86E+13;3;3;MUNICIPIO DE RIO GRANDE;UPA CASSINO DR CESAR CHIAFFITELI;RUA ARROIO GRANDE;171;;CASSINO;96206050;4;1.0;73;431560;-32,17;-52,16;1244;;Pronto Atendimento;7.0;0;0;5;31;1;32;3;2;0;0;0
4,32E+12;6943535;;1;1;THAIS DOS SANTOS MARTINS;THAIS MARTINS;GENERAL BACELAR;436;503;CENTRO;96200370;4;3.0;22;431560;-32,04;-52,1;4000;;Ambulatório;1.0;0;0;0;0;0;0;0;0;0;0;0
4,32E+12;4011821;;3;1;MARTINELLO SERVICOS EM SAUDE LTDA;MARTINELLO SERVICOS EM SAUDE LTDA;DOUTOR NASCIMENTO;763;APT 1005;CENTRO;96200300;4;3.0;36;431560;-32,04;-52,09;2062;;Unidade de Apoio Diagnóstico;2.0;0;0;0;0;0;1;0;0;0;0;0
4,32E+12;446351;;3;1;MARCIA LETICIA MOREIRA DELGADO;ESPACO LETICIA DELGADO;AV ATLANTICA;145;FRENTE;CASSINO;96207424;4;1.0;22;431560;-32,19;-52,16;2135;;Ambulatório;1.0;0;0;0;0;0;0;2;0;5;0;0
4,32E+12;465321;;3;1;EBENEZER INSTITUICOES DE LONGA PERMANENCIA PARA IDOSOS LTDA;EBENEZER LAR DE IDOSOS;GENERAL OSORIO;480;;CENTRO;96200400;4;1.0;22;431560;-32,03;-52,1;2062;;Ambulatório;1.0;0;2;0;1;0;0;0;1;1;0;0
4,32E+12;3431495;8,86E+13;3;3;PREFEITURA MUNICIPAL DO RIO GRANDE;UBSF DR JAIME COPSTEIN;RUA ANGELO TRINDADE;1870;;JARDIM HUMAITA I;96203160;4;1.0;2;431560;-32,08;-52,16;1244;;Unidade Básica de Saúde;12.0;9;0;0;4;0;4;1;1;0;0;0
4,32E+12;3432440;8,86E+13;3;3;PREFEITURA MUNICIPAL DO RIO GRANDE;UBSF DR VICENTE MARIANO PIAS;RUA JOAO MAGALHAES;248;;SAO MIGUEL;96212670;4;1.0;1;431560;-32,06;-52,17;1244;;Unidade Básica de Saúde;12.0;11;0;0;6;0;2;1;1;0;0;0
4,32E+12;5123038;;3;1;TRAUMAR CLINICA DE TRAUMATOLOGIA LTDA;PRONTO TRAUMA;RUA DR NASCIMENTO;487;;CENTRO;96200300;4;3.0;36;431560;-32,04;-52,1;2240;;Ambulatório;1.0;0;0;0;0;0;7;0;0;0;0;0
4,32E+12;3535517;;3;1;CENTRO INTEGRADO DE PATOLOGIA LTDA;CENTRO INTEGRADO DE PATOLOGIA;AQUIDABAN;723;;CENTRO;96200480;4;1.0;39;431560;-32,03;-52,11;2062;;Ambulatório;1.0;0;7;7;0;0;2;0;0;0;1;0
4,32E+12;315788;;3;1;ANDRESSA MELLO TEIXEIRA;NUTRICIONISTA ANDRESSA MELLO;BARAO DE COTEGIPE;443;SALA 817;CENTRO;96200290;4;1.0;22;431560;-32,04;-52,1;2062;;Ambulatório;1.0;0;0;0;0;0;0;0;0;1;0;0
4,32E+12;425257;;1;1;ANDREA DA ROCHA CARVALHO;CONSULTORIO ODONTOLOGICO DRA ANDREA DA ROCHA CARVALHO;RUA ZALONY;160;SALA 505;CENTRO;96200070;4;1.0;22;431560;-32,04;-52,1;4000;;Ambulatório;1.0;0;0;0;0;0;0;1;0;0;0;0
4,32E+12;465380;;3;1;VL ODONTOLOGIA ESPECIALIZADA LTDA;INOVA ODONTOLOGIA ESPECIALIZADA;BARAO DE COTEGIPE;443;SALA 904;CENTRO;96200290;4;3.0;22;431560;-32,04;-52,1;2062;;Ambulatório;1.0;0;1;0;0;0;0;2;0;0;0;0
4,32E+12;462780;;3;1;HOOD MED LTDA;HOOD MED;RUA E;481;;BOLAXA;96214654;4;2.0;22;431560;-32,16;-52,17;2062;;Unidade de Apoio Diagnóstico;2.0;0;0;0;0;0;1;0;0;0;0;0
4,32E+12;7482841;9,49E+13;3;3;UNIVERSIDADE FEDERAL DO RIO GRANDE FURG;CONSULTORIO ITINERANTE HU FURG;VISCONDE DE PARANAGUA;102;;CENTRO;96200190;1;3.0;40;431560;-32,04;-52,1;1139;;Ambulatório;1.0;0;2;0;5;1;1;0;0;0;0;0
4,32E+12;7781113;8,86E+13;3;3;MUNICIPIO DO RIO GRANDE;LABORATORIO MUNICIPAL DE ANALISES CLINICAS;MARECHAL FLORIANO PEIXOTO;5;;CENTRO;96200380;4;3.0;80;431560;-32,04;-52,1;1244;;Unidade de Apoio Diagnóstico;2.0;0;0;6;0;2;0;0;0;0;0;0
4,32E+12;3015734;;3;1;ASSOCIACAO SERVIDORES HIDROVIARIOS DO RG DO SUL;ASHRGS;RUA GENERAL CAMARA;149;;CENTRO;96201220;4;3.0;4;431560;-32,04;-52,1;3999;;Ambulatório;1.0;0;0;0;0;0;0;0;0;0;0;0
4,32E+12;6445861;;1;1;FELIPE DA SILVA PAULITSCH;CLINICA PAULITSCH;RUA GENERAL CAMARA;441;;CENTRO;96200320;4;3.0;22;431560;-32,04;-52,1;4000;;Ambulatório;1.0;0;0;0;0;0;1;0;0;0;0;0
4,32E+12;7093756;;1;1;ANA MARIA PEREIRA DOS SANTOS;ANA DOS SANTOS;GAL BACELAR;436;207;CENTRO;96200370;4;3.0;22;431560;-32,04;-52,1;4000;;Ambulatório;1.0;0;0;0;0;0;0;0;0;1;0;0
4,32E+12;7886055;;3;1;NUNES AVILA LTDA ME;SERDECOM SERVICOS FONOAUDIOLOGICOS;GENERAL BACELAR;378;SALA 801;CENTRO;96200370;4;3.0;22;431560;-32,03;-52,1;2062;;Ambulatório;1.0;0;0;0;0;0;0;0;0;2;0;0
4,32E+12;6206859;;1;1;AIRTON KICKHOFEL MADEIRA;AIRTON MADEIRA;BR 471 KM98;1;;TAIM;96210000;4;1.0;22;431560;-32,04;-52,1;4000;;Ambulatório;1.0;0;0;0;0;0;0;1;0;0;0;0
4,32E+12;9186557;;3;1;ASSOCIACAO BASE DE APOIO ESPERANCA ABAE;COMUNIDADE TERAPEUTICA ESPERANCA;BR 392;1;CASA 10;DOMINGOS PETROLINE;96200210;4;1.0;39;431560;-31,98;-52,3;3999;;Ambulatório;1.0;0;0;0;1;0;0;0;4;1;0;0
4,32E+12;973122;;3;1;COMERCIO DE MEDICAMENTOS BRAIR LTDA;SAO JOAO FARMACIAS;AVENIDA RIO GRANDE;281;;CASSINO;96205001;4;3.0;43;431560;-32,18;-52,16;2062;;Farmácia;8.0;0;0;0;0;4;0;0;0;0;0;0
4,32E+12;974412;;3;1;R G SCHMITT A DOS S LOPES LTDA;TCHE DA PORTUGAL;AV PORTUGAL;279;;CIDADE NOVA;96211041;4;1.0;43;431560;-32,03;-52,11;2062;;Farmácia;8.0;0;0;0;0;2;0;0;0;0;0;0
4,32E+12;974439;;1;1;FABIANA DE AZEVEDO BARROS;CONSULTORIO FABIANA BARROS;BARAO DE COTEGIPE;443;SALA 616;CENTRO;96200290;4;3.0;22;431560;-32,04;-52,1;4000;;Ambulatório;1.0;0;0;0;0;0;2;0;0;0;0;0
4,32E+12;816833;;3;1;M SILVEIRA FERNANDES;CLINICA DRA MARCIA FERNANDES;GENERAL VITORINO;579;;CENTRO;96200310;4;3.0;36;431560;-32,03;-52,1;2135;;Ambulatório;1.0;0;0;0;2;0;1;0;0;0;0;0
4,32E+12;819638;;3;1;DIMED S A DISTRIBUIDORA DE MEDICAMENTOS;PANVEL FARMACIAS;AV RIO GRANDE;79;LOJA 11;CASSINO;96207350;4;3.0;43;431560;-32,18;-52,16;2046;;Farmácia;8.0;0;2;0;0;7;0;0;0;0;0;0
4,32E+12;816477;;3;1;DIMED DISTRIBUIDORA DE MEDICAMENTOS S A;FARMACIA PANVEL;AV RIO GRANDE;162;;CASSINO;96205000;4;3.0;43;431560;-32,18;-52,16;2046;;Farmácia;8.0;0;4;0;0;3;0;0;3;0;0;0
4,32E+12;637424;;3;1;COMERCIO DE MEDICAMENTOS BRAIR LTDA;SAO JOAO FARMACIAS;RUA PADRE NILO GOLLO;6;;VILA SAO JOSE;96203270;4;3.0;43;431560;-32,07;-52,16;2062;;Farmácia;8.0;0;0;0;0;2;0;0;0;0;0;0
4,32E+12;634948;;3;1;DIMED S A DISTRIBUIDORA DE MEDICAMENTOS;PANVEL FARMACIA;RUA 24 DE MAIO;400;;CENTRO;96200006;4;3.0;43;431560;-32,04;-52,1;2046;;Farmácia;8.0;0;1;0;0;1;0;0;0;0;0;0
4,32E+12;833851;;3;1;DIMED S A DISTRIBUIDORA DE MEDICAMENTOS;PANVEL FARMACIA;JOCKEY CLUB;155;;SAO MIGUEL;96212730;4;3.0;43;431560;-32,05;-52,15;2046;;Farmácia;8.0;0;2;0;0;10;0;0;0;0;1;0
4,32E+12;637432;;3;1;COMERCIO DE MEDICAMENTOS BRAIR LTDA;SAO JOAO FARMACIAS;AVENIDA SANTOS DUMONT;148;;JUNCAO;96202090;4;3.0;43;431560;-32,06;-52,14;2062;;Farmácia;8.0;0;0;0;0;2;0;0;0;0;0;0
4,32E+12;912514;;3;1;NEUROCENTRO E CENTROTORAX SERVICOS MEDICOS LTDA;NEUROCENTRO E CENTROTORAX SERVICOS MEDICOS LTDA;AV PRESIDENTE VARGAS;401;;SAO PAULO;96202336;4;2.0;36;431560;-32,05;-52,12;2062;;Ambulatório;1.0;0;0;0;0;0;3;0;0;0;0;0
4,32E+12;7824807;8,86E+13;3;3;PREFEITURA MUNICIPAL DO RIO GRANDE;MOTOLANCIA RIO GRANDE 2;SATURNINO DE BRITO;S/N;;JUNCAO;96212630;4;1.0;42;431560;-32,04;-52,1;1244;;Pronto Atendimento;7.0;0;0;0;0;0;0;0;0;0;0;0
4,32E+12;7893876;;1;1;ALESSANDRA VAZ KISNER;ALESSANDRA KISNER;LUIS LOREA;383;;CENTRO;96200210;4;3.0;22;431560;-32,04;-52,1;4000;;Ambulatório;1.0;0;0;0;0;0;1;0;0;0;0;0
4,32E+12;218065;8,86E+13;3;3;MUNICIPIO DE RIO GRANDE;POSTO DE SAUDE BGV II;AVENIDA D PEDRO II;225;;GETULIO VARGAS;96201010;4;1.0;1;431560;-32,04;-52,09;1244;;Unidade Básica de Saúde;12.0;4;0;0;5;0;4;0;7;4;0;0
4,32E+12;5904617;;3;1;RODRIGUES E RUBIM LTDA;FISIO E TERAPIA;AV DOM BOSCO;384;;CIDADE NOVA;96211090;4;3.0;36;431560;-32,04;-52,11;2062;;Ambulatório;1.0;0;0;0;0;0;0;0;0;1;0;0
4,32E+12;5904714;;3;1;SOCIEDADE COOPERATIVA DE TRABALHO MEDICO LTDA;UNIMED LITORAL SUL;RUA AQUIDABAN;692;;CENTRO;96200480;4;1.0;4;431560;-32,04;-52,1;2143;;Ambulatório;1.0;0;6;1;20;0;36;0;0;0;0;0
4,32E+12;818372;;3;1;MARCO ANTONIO HOFACKER RAPHAEL;CLINICA DR MARCO RAPHAEL;RUA DEZENOVE DE FEVEREIRO;553;BLOCO C;CENTRO;96200490;4;3.0;22;431560;-32,03;-52,1;2135;;Unidade de Apoio Diagnóstico;2.0;0;0;0;0;0;1;0;0;0;0;0
4,32E+12;833878;;3;1;DIMED DISTRBUIDORA DE MEDICAMENTOS FILIAL 303;PANVEL FARMACIA;AV PRESIDENTE VARGAS;687;;JUNCAO;96202188;4;3.0;43;431560;-32,05;-52,11;2046;;Farmácia;8.0;0;3;0;0;10;0;0;2;0;1;0
4,32E+12;472786;;3;1;PRONTO TRAUMA CLINICA MEDICA DE TRAUMATOLOGIA E ORTOPEDIA LT;PRONTO TRAUMA;DOUTOR NASCIMENTO;487;;CENTRO;96200300;4;3.0;36;431560;-32,04;-52,1;2062;;Ambulatório;1.0;0;0;0;0;0;12;0;0;0;0;0
4,32E+12;425265;;3;1;DIMED S A DISTRIBUIDORA DE MEDICAMENTOS;PANVEL FARMACIAS;AV RIO GRANDE;251;LOJAS 1 E 2;CASSINO;96205001;4;1.0;43;431560;-32,18;-52,16;2046;;Farmácia;8.0;0;0;0;0;5;0;0;0;0;0;0
4,32E+12;446386;;1;1;GABRIELA FONINI TERRES;CONSULTORIO ODONTOLOGICO GABRIELA FONINI;BARAO DE COTEGIPE;443;1210;CENTRO;96200290;4;1.0;22;431560;-32,04;-52,1;4000;;Ambulatório;1.0;0;0;0;0;0;0;1;0;0;0;0
4,32E+12;465372;;1;1;ROBERTO CUCHIARA SIMOES;CLINICA ROBERTO CUCHIARA SIMOES;RUA BARAO DE COTEGIPE;443;SALA 813;CENTRO;96200290;4;3.0;22;431560;-32,04;-52,1;4000;;Ambulatório;1.0;0;0;0;0;0;0;1;0;0;0;0
4,32E+12;446408;;1;1;JULIA FREIRE DANIGNO;CLINICA JULIA FREIRE DANIGNO;DR NASCIMENTO;455;SALA 1;CENTRO;96200300;4;3.0;22;431560;-32,04;-52,09;4000;;Ambulatório;1.0;0;0;0;0;0;0;1;0;0;0;0
4,32E+12;860077;;3;1;GSO MEDICINA OCUPACIONAL;GSO MEDICINA OCUPACIONAL;DUQUE DE CAIXIAS;347;;CENTRO;96200020;4;3.0;36;431560;-32,04;-52,1;2062;;Ambulatório;1.0;0;0;0;1;0;1;0;0;0;0;0
4,32E+12;974374;;3;1;MAR G CIRURGIA E TRAUMATOLOGIA BUCO FACIAL LTDA;MAR G CIRURGIA E TRAUMATOLOGIA BUCO FACIAL;ANDRADAS;397;;CENTRO;96200030;4;3.0;22;431560;-32,04;-52,1;2062;;Ambulatório;1.0;0;0;0;0;0;0;2;0;0;0;0
4,32E+12;9879781;;3;1;CLINICA ESTEVES;RODRIGO DE FREITAS ESTEVES;BENTO MARTINS;59;;VILA MILITAR;96201220;4;1.0;22;431560;-32,04;-52,1;2135;;Ambulatório;1.0;0;0;0;0;0;0;0;0;1;0;0
4,32E+12;484466;;1;1;BIANCA ASTROGILDO DE FREITAS;LA VIE SAUDE INTEGRADA;RUA VICE ALMIRANTE ABREU;403;;CENTRO;96200270;4;1.0;22;431560;-32,04;-52,1;4000;;Ambulatório;1.0;0;0;0;0;0;1;1;0;0;0;0
4,32E+12;472727;8,86E+13;3;3;MUNICIPIO DO RIO GRANDE;LABORATORIO MUNICIPAL DE ANALISES DE AGUAS;AV MAJOR CARLOS PINTO;551;ANDAR TERREO;CIDADE NOVA;96211021;4;1.0;22;431560;-32,03;-52,11;1244;;Unidade de Vigilância de Zoonoses;18.0;0;0;0;0;0;0;0;0;1;0;0
4,32E+12;3896129;;3;1;CLINICA SA MEDICINA E FISIOTERAPIA LTDA;CLINICA SA MEDICINA E FISIOTERAPIA LTDA;AVENIDA MAJOR CARLOS PINTO;411;;CIDADE NOVA;96211020;4;3.0;36;431560;-32,03;-52,11;2062;;Ambulatório;1.0;0;0;0;0;0;1;0;0;1;0;0
4,32E+12;3739821;;3;1;SABRINA HOHMANN DUARTE;FONOCLIN;RUA AQUIDABAN;683;;CENTRO;96200480;4;3.0;22;431560;-32,03;-52,11;2135;;Ambulatório;1.0;0;0;0;0;0;0;0;0;1;0;0
4,32E+12;4013506;;3;1;M ZANATTA ASSESSORIA EM SAUDE LTDA;M ZANATTA ASSESSORIA EM SAUDE;ZALONY;160;SALA 1006;CENTRO;96200070;4;3.0;22;431560;-32,04;-52,1;2062;;Ambulatório;1.0;0;0;0;0;0;1;0;0;0;0;0
4,32E+12;419478;8,86E+13;3;3;MUNICIPIO DO RIO GRANDE;UPA DR AIRTON JORGE DA SILVA VARELA;RUA 6;1090;LOTEAMENTO JUNCAO;JUNCAO;96212760;4;3.0;73;431560;-32,06;-52,15;1244;;Pronto Atendimento;7.0;0;28;10;86;12;115;3;3;2;29;0
4,32E+12;6965822;;3;1;OTOMED OTOR CIRURGIA DE CABECA E PESCOCO MED OCUP LTDA;OTOMED;AV MAJOR CARLOS PINTO;412;;CIDADE NOVA;96211020;4;3.0;36;431560;-32,04;-52,1;2062;;Ambulatório;1.0;0;0;0;0;0;5;0;0;1;0;0
4,32E+12;4062558;;1;1;LUCILENE GULARTE DO AMARAL;PSICOLOGA LUCILENE GULARTE DO AMARAL;CARAMURU;147;;CIDADE NOVA;96211500;4;3.0;22;431560;-32,03;-52,11;4000;;Ambulatório;1.0;0;0;0;0;0;0;0;0;1;0;0
4,32E+12;6322948;;1;1;THAIS NABIAN LIMA SALOMAO;THAIS NABIAN SALOMAO;ZALONY;160;208;CENTRO;96200070;4;3.0;22;431560;-32,04;-52,1;4000;;Ambulatório;1.0;0;0;0;0;0;0;0;0;0;0;0
4,32E+12;3295869;;3;1;MARCOS CARDIA DE OLIVEIRA CARDOSO;CARDIA;RUA VISCONDE DE PARANAGUA;64;;CENTRO;96200190;4;3.0;36;431560;-32,04;-52,1;2135;;Ambulatório;1.0;0;0;0;0;0;0;0;0;0;0;0
4,32E+12;3992829;;1;1;ANDRE MICHIELIN DA SILVA;ANDRE MICHIELIN DA SILVA;RUA LUIZ LOREA;322;SALA 401;CENTRO;96200350;4;3.0;22;431560;-32,04;-52,1;4000;;Ambulatório;1.0;0;0;0;0;0;0;1;0;0;0;0
4,32E+12;3999939;;3;1;DUARTE MEIRELES E SANTOS LTDA;HEMOLLAB;RUA 19 DE FEVEREIRO;565;A;CENTRO;96200490;4;3.0;39;431560;-32,03;-52,1;2062;;Ambulatório;1.0;0;2;1;0;3;0;0;0;0;0;0
4,32E+12;7477589;;3;1;BURATTIMED MEDICINA LTDA;BURATTIMED;GENERAL CANABARRO;512;;CEBTRO;96200200;4;1.0;36;431560;-32,04;-52,1;2062;;Ambulatório;1.0;0;0;0;0;0;1;1;0;1;0;0
4,32E+12;6523595;;3;1;SOCIEDADE CIVIL ESCOLA JOSE ALVARES DE AZEVEDO;ESCOLA JOSE ALVARES DE AZEVEDO;RUA MAJOR MIGUEL PEREIRA;70;;SALGADO FILHO;96201520;4;2.0;36;431560;-32,04;-52,1;3999;;Ambulatório;1.0;0;0;0;0;0;0;0;0;0;0;0
4,32E+12;3933652;;1;1;ARNALDO ANTONIO LUIZ NETO;ARNALDO ANTONIO LUIZ NETO;RUA AQUIDABAN;657;;CENTRO;96200480;4;3.0;22;431560;-32,04;-52,1;4000;;Ambulatório;1.0;0;0;0;0;0;1;0;0;0;0;0
4,32E+12;3933733;;1;1;CARMEN LUCIA GASTAUD MACADA;CARMEN LUCIA GASTAUD MACADA;RUA CARLOS GOMES;707;SALA 301;CENTRO;96200460;4;3.0;22;431560;-32,04;-52,1;4000;;Ambulatório;1.0;0;0;0;0;0;0;0;0;0;0;0
4,32E+12;3958671;;1;1;ALINE KOSINSKI DE OLIVEIRA;ALINE KOSINSKI DE OLIVEIRA;RUA ZALONY;160;SALA 1005;CENTRO;96200070;4;3.0;22;431560;-32,04;-52,1;4000;;Ambulatório;1.0;0;0;0;0;0;1;0;0;0;0;0
4,32E+12;5154065;;3;1;DR VARGAS LABORATORIO DE ANALISES CLINICAS LTDA;LABORATORIO DR VARGAS;RUA MAL FLORIANO PEIXOTO;508;;CENTRO;96200380;4;3.0;39;431560;-32,03;-52,1;2062;;Unidade de Apoio Diagnóstico;2.0;0;2;1;0;0;0;0;0;0;1;0
4,32E+12;6246052;8,86E+13;3;3;PREFEITURA MUNICIPAL DE RIO GRANDE;CAPS AD;CONDE DE PORTO ALEGRE;193;;CENTRO;96200330;4;2.0;70;431560;-32,04;-52,1;1244;;Ambulatório;1.0;0;0;0;3;0;2;0;7;5;4;0
4,32E+12;6942695;8,86E+13;3;3;PREFEITURA MUNICIPAL DO RIO GRANDE;UBSF BOLAXA;RUA ANA PERNOGOTTI;320;;BOLAXA;96217010;4;1.0;2;431560;-32,04;-52,1;1244;;Unidade Básica de Saúde;12.0;4;0;0;3;0;1;0;0;0;0;0
4,32E+12;3171027;;3;1;LABORATORIO WILDE LTDA;LABORATORIO WILDE;RUA GEN BACELAR;108;;CENTRO;96200370;4;3.0;39;431560;-32,04;-52,1;2062;;Laboratório de Saúde Pública;19.0;0;0;2;0;2;1;0;0;0;0;0
4,32E+12;3171078;;3;1;GONCALVES SILVA E CIA LTDA;GONCALVES SILVA E CIA LTDA;RUA DR NASCIMENTO;487;;CENTRO;96200300;4;3.0;36;431560;-32,04;-52,1;2240;;Ambulatório;1.0;0;0;0;0;0;0;0;0;0;0;0
4,32E+12;3203166;;3;1;GASTROCENTRO;GASTROCENTRO;GOMES FREIRE;667;;CENTRO;96200470;4;3.0;36;431560;-32;-52,18;2062;;Ambulatório;1.0;0;0;0;1;0;1;0;0;0;0;0
4,32E+12;3224333;;1;1;SIMONE SANTANA PEREIRA;SIMONE PEREIRA;RUA GEN BACELAR;276;SALA 701;CENTRO;96200370;4;3.0;22;431560;-32,04;-52,1;4000;;Ambulatório;1.0;0;0;0;0;0;1;0;0;0;0;0
4,32E+12;7149867;;1;1;MARCIA DA ROSA LACERDA;CONSULTORIO DE FISIOTERAPIA E PILATES;AVENIDA RIO GRANDE;451;;CASSINO;96205000;4;3.0;22;431560;-32,04;-52,1;4000;;Ambulatório;1.0;0;0;0;0;0;0;0;0;0;0;0
4,32E+12;7134266;;1;1;DR CARLOS ZIEMIECKI;CARLOS ALBERTO ZIEMIECKI;BARAO DE COTEGIPE;44;SALA 602;CENTRO;96200290;4;3.0;22;431560;-32,04;-52,1;4000;;Ambulatório;1.0;0;0;0;0;0;0;0;0;0;0;0
4,32E+12;7039107;;3;1;FELIX FABIAN VERA GONZALES ME;FELIX FABIAN VERA GONZALES ME;BARAO DE COTEGIPE;443;SALA 501;CENTRO;96200290;4;3.0;22;431560;-32,04;-52,1;2135;;Ambulatório;1.0;0;0;0;0;0;1;0;0;0;0;0
4,32E+12;4211677;;3;1;RCZ SERVICOS MEDICOS CIRURGICOS LTDA;RCZ GASTROINTESTINAL SURGERY;BENJAMIN CONSTANT;420;506;CENTRO;96200090;4;3.0;22;431560;-32,04;-52,09;2062;;Ambulatório;1.0;0;0;0;0;0;1;0;0;0;0;0
4,32E+12;4305825;;3;1;JOCELAINE VIEGAS VIEIRA;JOCELAINE VIEGAS VIEIRA;CORONEL SALGADO;355;;QUINTA;96222137;4;3.0;22;431560;-32,07;-52,26;2135;;Ambulatório;1.0;0;0;0;0;0;0;0;0;2;0;0
4,32E+12;4098331;;3;1;UNIMED LITORAL SUL RS COOPERATIVA MEDICA LTDA;UNIMED LITORAL SUL RS CENTRAL DE CONSULTAS;GENERAL OSORIO;487;;CENTRO;96200400;4;3.0;36;431560;-32,03;-52,1;2143;;Ambulatório;1.0;0;2;0;0;0;14;0;0;0;0;0
4,32E+12;4208099;;1;1;GILBERTO BIELENKI JUNIOR;GILBERTO BIELENKI JUNIOR;BARAO DE COTEGIPE;443;SALA 1211;CENTRO;96200290;4;1.0;22;431560;-32,04;-52,1;4000;;Ambulatório;1.0;0;0;0;0;0;0;0;0;1;0;0
4,32E+12;4125622;;1;1;ANDREA DA SILVEIRA ESTIMA;ANDREA DA SILVEIRA ESTIMA;CONDE DE PORTO ALEGRE;384;SALA 301;CENTRO;96200330;4;3.0;22;431560;-32,03;-52,1;4000;;Ambulatório;1.0;0;0;0;0;0;0;0;0;1;0;0
4,32E+12;4332490;;3;1;REDE DE SAUDE ACORES S A;Hospital MONPORTO;AV PRESIDENTE VARGAS;501;;SAO PAULO;96202336;4;1.0;5;431560;-32,05;-52,11;2054;;Hospital;9.0;0;17;0;0;1;139;3;0;11;0;0
4,32E+12;4598202;;3;1;KAE BITTENCOURT S S LTDA;THALES KAE;BARAO DE COTEGIPE;443;SALA 915;CENTRO;96200290;4;3.0;22;431560;-32,04;-52,1;2240;;Ambulatório;1.0;0;0;0;0;0;1;0;0;0;0;0
4,32E+12;4120329;;1;1;LIZANDRA BARRETO PEREIRA;LIZANDRA BARRETO PEREIRA;DOM BOSCO;1017;B 10 APTO 237;COHAB II;96211434;4;1.0;22;431560;-32,04;-52,11;4000;;Ambulatório;1.0;0;0;0;0;0;0;0;0;1;0;0
4,32E+12;4165276;;3;1;ANTONIO FERREIRA DE MENDONCA NETO;ANTONIO FERREIRA DE MENDONCA NETO;BARAO DE COTEGIPE;443;603;CENTRO;96200290;4;3.0;36;431560;-32,04;-52,1;2135;;Ambulatório;1.0;0;0;0;0;0;1;0;0;0;0;0
4,32E+12;4361792;;3;1;MARMED CLINICA INTEGRADA MEDICINA ODONTOLOGIA LTDA;MARMED CLINICA INTEGRADA MEDICINA ODONTOLOGIA;DUQUE DE CAIXIAS;326;;CENTRO;96200020;4;3.0;22;431560;-32,03;-52,1;2062;;Ambulatório;1.0;0;2;0;0;0;11;1;1;3;0;0
4,32E+12;4207807;;3;1;MAUARA DA GRACA GONCALVES REZENDE;MAUARA ESTETICA SAUDE;BENJAMIN CONSTANT;470;;CENTRO;96200090;4;1.0;22;431560;-32,04;-52,09;2135;;Ambulatório;1.0;0;0;0;0;0;0;0;0;2;0;0
4,32E+12;4150694;;3;1;SHIMIESKI AGUIAR CLINICA DE PSICOPEDAGOGIA E PSICOLOGIA LT;VIVAMENTE TERAPIAS COGNITIVAS;VICE ALMIRANTE ABREU;773;;CEBTRO;96200270;4;3.0;22;431560;-32,04;-52,09;2062;;Ambulatório;1.0;0;1;0;0;0;0;0;1;7;0;0
4,32E+12;4192826;;3;1;MARIA CAROLINA MAIDANA VIEIRA;MARIA CAROLINA MAIDANA VIEIRA;ANA PERNIGOTTI;1061;CONDO NR 44;BOLAXA;96217010;4;1.0;22;431560;-32,18;-52,16;2135;;Ambulatório;1.0;0;0;0;0;0;1;0;0;0;0;0
4,32E+12;4115902;;1;1;AOC CONSULTORIO DE FISIOTERAPIA ESPECIALIZADA;ANDREIA APARECIDA ROMEU DE OLIVEIRA COLOSSI;NAPOLEAO LAUREANO;317;;CENTRO;96200100;4;3.0;22;431560;-32,04;-52,09;4000;;Ambulatório;1.0;0;0;0;0;0;0;0;0;1;0;0
4,32E+12;4165209;;3;1;DE CARLI SERVICOS PSICOLOGICOS LTDA;DE CARLI SERVICOS PSICOLOGICOS LTDA;BARAO DE COTEGIPE;443;SALA 712;CENTRO;96200290;4;3.0;22;431560;-32,04;-52,1;2062;;Ambulatório;1.0;0;0;0;0;0;0;0;0;1;0;0
4,32E+12;4098323;;3;1;DIMED S A DISTRIBUIDORA DE MEDICAMENTOS;PANVEL;VISCONDE DE PARANAGUA;43;;CENTRO;96200190;4;1.0;43;431560;-32,03;-52,1;2046;;Farmácia;8.0;0;1;0;0;2;0;0;0;0;0;0
4,32E+12;4098315;;3;1;ROBERTA PIASSAROLLO DA SILVA LIMITADA;CONSULTORIO VITAL;BENTO GONCALVES;348;;CIDADE NOVA;96211070;4;3.0;22;431560;-32,04;-52,12;2062;;Ambulatório;1.0;0;0;0;0;0;0;0;0;1;0;0
4,32E+12;4473795;;3;1;UNIVERSIDADE FEDERAL DO RIO GRANDE FURG;DAS DIRETORIA DE ATENCAO A SAUDE;ITALIA;8;;CARREIROS;96203900;4;1.0;22;431560;-32,08;-52,16;1139;;Ambulatório;1.0;0;7;0;12;0;6;2;3;1;0;0
4,32E+12;4165268;;3;1;HEBERLE PARDO DE SA CLINICA DE PSICOLOGIA LTDA;LUNAR CLINICA SAUDE E BEM ESTAR;DR NASCIMENTO;764;;CENTRO;96200300;4;3.0;22;431560;-32,04;-52,1;2062;;Ambulatório;1.0;0;0;0;0;0;0;0;0;3;0;0
4,32E+12;4371178;;3;1;RAIA DROGASIL S A;DROGA RAIA LOJA 1353;AVENID PRESEIDENTE VARGAS;790;;JUNCAO;96202188;4;3.0;43;431560;-32,05;-52,12;2046;;Farmácia;8.0;0;0;0;0;3;0;0;0;0;0;0
4,32E+12;4430816;;3;1;MODERNA RADIOLOGIA E DIAGNOSTICO POR IMAGEM LTDA;MODERNA RADIOLOGIA E DIAGNOSTICO POR IMAGEM LTDA;GENERAL CANABARRO;210;;CENTRO;96200200;4;3.0;22;431560;-32,03;-52,1;2062;;Unidade de Apoio Diagnóstico;2.0;0;0;0;0;0;1;0;0;0;0;0
4,32E+12;4430220;;3;1;RESMINI CIA LTDA;CLINICA RESMINI;CONDE DE PORTO ALEGRE;383;APT 101;CENTRO;96200330;4;1.0;22;431560;-32,03;-52,1;2240;;Ambulatório;1.0;0;0;0;0;0;1;0;0;0;0;0
4,32E+12;4357183;;3;1;AVAN ORTOPEDIA TRAUMATOLOGIA E CONSULTORIA LTDA;AVAN ORTOPEDIA TRAUMATOLOGIA E CONSULTORIA;DOM BOSCO;26;APTO 701;CIDADE NOVA;96211090;4;3.0;22;431560;-32,04;-52,11;2062;;Ambulatório;1.0;0;1;0;0;0;1;0;0;0;0;0
4,32E+12;4185331;;1;1;KAYANE SODRE LAGES;KAYANE SODRE LAGES;BARAO DE COTEGIPE;443;SALA 1015;CENTRO;96200290;4;1.0;22;431560;-32,04;-52,1;4000;;Ambulatório;1.0;0;0;0;0;0;0;0;0;1;0;0
4,32E+12;4357175;;3;1;TOMATIS SERVICOS MEDICOS LTDA;TOMATIS SERVICOS MEDICOS;DUQUE DE CAIXIAS;346;;CENTRO;96200020;4;3.0;22;431560;-32,04;-52,1;2062;;Ambulatório;1.0;0;0;0;0;0;1;0;0;0;0;0
4,32E+12;4355814;;3;1;PAULO RICARDO SANTOS NUNES;PAULO RICARDO SANTOS NUNES;DEZENOVE DE FEVEREIRO;593;SALA 502;CENTRO;96200490;4;3.0;22;431560;-32,03;-52,1;2135;;Ambulatório;1.0;0;0;0;0;0;1;0;0;0;0;0
4,32E+12;4351991;;3;1;RAIA DROGASIL S A;DROGA RAIA;GENERAL NETO;417;;CENTRO;96200010;4;3.0;43;431560;-32,04;-52,1;2046;;Farmácia;8.0;0;0;0;0;3;0;0;0;0;0;0
4,32E+12;4187474;;1;1;OLINAIR ORTIZ DUARTE;OLINAIR ORTIZ DUARTE;NAPOLEAO LAUREANO;339;SALA A;CENTRO;96211380;4;2.0;22;431560;-32,04;-52,12;4000;;Ambulatório;1.0;0;0;0;0;0;0;0;0;1;0;0
4,32E+12;4372476;;1;1;MONALLISA COCCO MARIANI;MONALLISA COCCO MARIANI;VISCONDE DE PARANAGUA;17;A SALA 402;CENTRO;96200210;4;3.0;22;431560;-32,03;-52,1;4000;;Ambulatório;1.0;0;0;0;0;0;1;0;0;0;0;0
4,32E+12;4355822;;3;1;CEAME CENTRO DE ATENDIMENTO DE TRANSTORNO DE DESENVOLVIMENTO;C E A M E;TRAVESSA PRESIDENTE KENNEDY;229;;CENTRO;96200230;4;3.0;22;431560;-32,03;-52,11;2062;;Ambulatório;1.0;0;0;0;0;0;1;0;0;0;0;0
4,32E+12;4369173;;1;1;PATRICIA LAVAREDA LOUZADA;PATRICIA LAVAREDA LOUZADA;GENERAL CAMARA;439;SALA 01;CENTRO;96200320;4;3.0;22;431560;-32,03;-52,1;4000;;Ambulatório;1.0;0;0;0;0;0;0;0;0;1;0;0
4,32E+12;4352807;;1;1;ANA PAULA KIRCHHOF SARAIVA;ANA PAULA KIRCHHOF SARAIVA;ANDRADE NEVES;318;;CENTRO;96200140;4;3.0;22;431560;-32,04;-52,09;4000;;Ambulatório;1.0;0;0;0;0;0;0;0;0;1;0;0
4,32E+12;4098277;;1;1;PEDRO GERMANO FERREIRA;PEDRO GERMANO FERREIRA;BUARQUE DE MACEDO;333;;CIDADE NOVA;96211233;4;2.0;22;431560;-32,04;-52,11;4000;;Ambulatório;1.0;0;0;0;0;0;0;1;0;0;0;0
4,32E+12;4153545;;1;1;PSICOLOGO DARLEN MACEDO VAZ;PSICOLOGO DARLEN MACEDO VAZ;BARAO DE COTEGIPE;443;SALA 1405;CENTRO;96200290;4;3.0;22;431560;-32,04;-52,1;4000;;Ambulatório;1.0;0;0;0;0;0;0;0;0;1;0;0
4,32E+12;4185315;;1;1;HENRIQUE CUSTODIO THOME;HENRIQUE CUSTODIO THOME;BARAO DE COTEGIPE;443;SALA 804;CENTRO;96200290;4;3.0;22;431560;-32,04;-52,1;4000;;Ambulatório;1.0;0;0;0;0;0;1;0;0;0;0;0
4,32E+12;4199995;;1;1;CATIUSCIA ALVES GONCALVES;CATIUSCIA ALVES GONCALVES;GENERAL BACELAR;436;;CENTRO;96200370;4;1.0;22;431560;-32,03;-52,1;4000;;Ambulatório;1.0;0;0;0;0;0;0;1;0;0;0;0
4,32E+12;4185366;;3;1;SORRIA ODONTO LTDA;SORRIA ODONTO;AVENIDA ENGENHEIRA LUCIA MARIA BALBELA CHIESA;2842;;PARQUE SAO PEDRO;96216400;4;1.0;22;431560;-32,11;-52,18;2062;;Ambulatório;1.0;0;0;0;0;0;0;1;0;0;0;0
4,32E+12;4268334;;3;1;MARCELLA FONSECA KOUKIDIS SERVICOS MEDICOS;MARCELLA FONSECA KOUKIDIS SERVICOS MEDICOS;ZALONY;405;APT 601;CENTRO;96200070;4;3.0;22;431560;-32,04;-52,1;2135;;Ambulatório;1.0;0;0;0;0;0;1;0;0;0;0;0
4,32E+12;4272021;;3;1;TAIS LEMOS LOBO;RDL SOLUCOES;AQUIDABAN;714;SALA 90;CENTRO;96200480;4;3.0;22;431560;-32,03;-52,11;2135;;Ambulatório;1.0;0;1;0;1;0;1;0;0;0;0;0
4,32E+12;4219872;;1;1;ROGERIO COUGO GODOI;ROGERIO COUGO GODOI;BARAO DE COTEGIPE;443;504;CENTRO;96200290;4;3.0;22;431560;-32,04;-52,1;4000;;Ambulatório;1.0;0;0;0;0;0;0;1;0;0;0;0
4,32E+12;4125614;;1;1;PAULA COSTA MIRAPALHETA;PAULA COSTA MIRAPALHETA;BARAO DE COTEGIPE;443;SALA 818;CENTRO;96200290;4;3.0;22;431560;-32,04;-52,1;4000;;Ambulatório;1.0;0;0;0;0;0;0;0;0;1;0;0
4,32E+12;4124014;;1;1;THAIS NOGUEIRA ROCHA;THAIS NOGUEIRA ROCHA;DUQUE DE CAXIAS;491;;CENTRO;96200020;4;3.0;22;431560;-32,03;-52,1;4000;;Ambulatório;1.0;0;0;0;0;0;0;0;0;1;0;0
4,32E+12;4165225;;3;1;CLINICA DE OLHOS DE SAO GABRIEL LTDA;OFTALMOPAMPA;GENERAL OSORIO;625;ANEXO SANTA CASA;CENTRO;96200400;4;3.0;22;431560;-32,03;-52,1;2062;;Ambulatório;1.0;0;0;0;0;0;2;0;0;0;0;0
4,32E+12;4115481;;1;1;BIANCA BORGES LIMA;BIANCA BORGES LIMA;DR NASCIMENTO;272;;CENTRO;96200300;4;3.0;22;431560;-32,04;-52,1;4000;;Ambulatório;1.0;0;0;0;0;0;0;0;0;1;0;0
4,32E+12;4473752;;3;1;CRESCER BRINCANDO CLINICA ESPECIALIZADA EM NEUROPEDIATRIA LT;CRESCER CLINICA NEUROPEDIATRICA;RIO GRANDE;548;;CASSINO;96205000;4;3.0;22;431560;-32,18;-52,17;2062;;Unidade de Apoio Diagnóstico;2.0;0;0;0;0;0;0;0;0;1;0;0
4,32E+12;4527917;;3;1;VIANNA TERAPIAS INTEGRADAS LTDA;DESENVOLVER TERAPIAS INTEGRADAS;CIDADE DE PELOTAS;316;;CIDADE NOVA;96211000;4;1.0;22;431560;-32,04;-52,11;2062;;Ambulatório;1.0;0;0;0;0;0;0;0;0;3;0;0
4,32E+12;4592301;;3;1;KELI RODRIGUES DE OLIVEIRA LTDA;PSICOLOGA KELI OLIVEIRA;PRESIDENTE VARGAS;445;APT 105 BLOCO 9 B;SAO PAULO;96202336;4;1.0;22;431560;-32,05;-52,11;2062;;Ambulatório;1.0;0;0;0;0;0;0;0;0;1;0;0
4,32E+12;4563212;;3;1;ENCANTAR REABILITAR LTDA;ENCANTAR E REABILITAR LTDA;MORON;399;;CENTRO;96200450;4;1.0;22;431560;-32,04;-52,1;2062;;Ambulatório;1.0;0;0;0;0;0;0;0;0;3;0;0
4,32E+12;4598342;;3;1;G LUZARDO DE OLIVEIRA;GABRIEL LUZARDO DE OLIVEIRA;DOUTOR NASCIMENTO;676;;CENTRO;96200300;4;1.0;22;431560;-32,04;-52,1;2240;;Ambulatório;1.0;0;0;0;0;0;0;0;0;1;0;0
4,32E+12;4584309;;1;1;ROBRSON SILVEIRA DA SILVA;ROBRSON SILVEIRA DA SILVA;VISCONDE DE MAUA;760;;LAGOA;96211030;4;1.0;22;431560;-32,04;-52,12;4000;;Ambulatório;1.0;0;0;0;0;0;0;0;0;1;0;0
